N,TITLE,REQUESTER,TYPE,ROUND,YEAR,RESULT,DFIREQ,DATE_CLOSE,GITHUB,REDDIT,STATUS,CATEGORY,SUBCATEGORY,PROJECTNAME,WEBSITE,TWITTER,TELEGRAM,Unnamed: 18,Unnamed: 19,Unnamed: 20,DAYS,Approved,MASTERNODESCOUNT,ROUND_YY_TIMESTAMP,ROUND_MM_TIMESTAMP,DATE
243,CFP-2211-15: Krypto-Sprungbrett & dfidex.live by ChristophG ( 5 000 DFI ) #243,Michael from DeFiChain.Info,cfp,2211,2022,Approved,5000,11/22/2022,https://github.com/DeFiCh/dfips/issues/243,https://www.reddit.com/r/defiblockchain/comments/yp0tef/cfp_kryptosprungbrett_dfidexlive_by_christophg,Concluded,Tools-Utilities,Analytics,Krypto-Sprungbrett & dfidex.live, https://www.krypto-sprungbrett.com,--,--,,,,55,5000,12926,22,11,2022-11
242,CFP-2211-14: SEO for DEFICHAIN.COM (32 960 DFI) #242,DeFiChain Accelerator,cfp,2211,2022,Approved,32960,11/22/2022,https://github.com/DeFiCh/dfips/issues/242,https://www.reddit.com/r/defiblockchain/comments/ypph67/cfp_seo_for_defichaincom_32960_dfi/,In progress,Marketing,Project improvment,SEO for DEFICHAIN.COM ,--,https://twitter.com/defichainac,--,,,,55,32960,12926,22,11,2022-11
240,CFP-2211-13: Telegram Moderators (52 550 DFI) #240,Telegram moderators,cfp,2211,2022,Approved,52550,11/22/2022,https://github.com/DeFiCh/dfips/issues/240,https://www.reddit.com/r/defiblockchain/comments/you2kg/cfp_telegram_moderators_52550_dfi/,In progress,Social - Community support,Project improvment,Telegram Moderators ,--,--,--,,,,55,52550,12926,22,11,2022-11
238,DFIP-2211-F: Limit FutureSwap volume #238,Kuegi,dfip,2211,2022,Approved,0,11/22/2022,https://github.com/DeFiCh/dfips/issues/238,--,In progress,Blockchain Improvement,--,Limit FutureSwap,--,--,--,,,,55,0,12926,22,11,2022-11
237,DFIP-2211-E: change default sorting of tx in block #237,"Kuegi, Phigo90",dfip,2211,2022,Withdrawn,0,11/22/2022,https://github.com/DeFiCh/dfips/issues/237,--,,,,,,,,,,,55,0,12926,22,11,2022-11
236,DFIP-2211-D: DUSDLOCK pools to lockup DUSD #236,"TommyPN, Kuegi",dfip,2211,2022,Approved,0,11/22/2022,https://github.com/DeFiCh/dfips/issues/236,https://www.reddit.com/r/defiblockchain/comments/yldmbq/dfip_dusdlock_pools_to_lockup_dusd/,In progress,Blockchain Improvement,--,DUSDLOCK pools to lockup,--,--,--,,,,55,0,12926,22,11,2022-11
235,CFP-2211-12: DeFi-Seedfinder - Crowdinvesting on DeFiChain (95 000 DFI) #235,"Nils, Manu, Aleks, Til",cfp,2211,2022,Approved,95000,11/22/2022,https://github.com/DeFiCh/dfips/issues/235,https://www.reddit.com/r/defiblockchain/comments/y5jmjx/cfp_defiseedfinder_crowdinvesting_on_defichain/,In progress,Financial,Project improvment,DeFi-Seedfinder - Crowdinvesting on DeFiChain,https://defi-seedfinder.webflow.io/,https://twitter.com/DeFiSeedFinder,https://t.me/DeFi_SeedFinder,,,,55,95000,12926,22,11,2022-11
234,CFP-2211-11: DeFiChain Python Library II (5 000 DFI) #234,Eric Volz,cfp,2211,2022,Approved,5000,11/22/2022,https://github.com/DeFiCh/dfips/issues/234,https://www.reddit.com/r/defiblockchain/comments/ynseds/cfp_defichain_python_library_ii_5000_dfi/,In progress,Tools-Utilities,Python Library ,DeFiChain Python Library II,https://docs.defichain-python.de/build/html/index.html,--,--,,,,55,5000,12926,22,11,2022-11
233,CFP-2211-10: WalletWatcher - A mobile app to monitor all wallets which are important to you (15 000 DFI) #233,"Aleksandar Jovanovic, Tilman Kieselbach",cfp,2211,2022,Declined,15000,11/22/2022,https://github.com/DeFiCh/dfips/issues/233,https://www.reddit.com/r/defiblockchain/comments/ymzhj5/cfp_walletwatcher_a_mobile_app_to_monitor_all/,--,Tools-Utilities,--,WalletWatcher,--,--,--,,,,55,0,12926,22,11,2022-11
232,CFP-2211-09: Defichain Academy (20 000 DFI) #232,Kevin Muttenthaler and Katharina Karner,cfp,2211,2022,Withdrawn,20000,11/22/2022,https://github.com/DeFiCh/dfips/issues/232,https://www.reddit.com/r/defiblockchain/comments/ynzvag/cfp_defichain_academy_20000_dfi/,,,,,,,,,,,55,0,12926,22,11,2022-11
231,CFP-2211-08: DeFiChain Poker Nights (3 636 DFI) #231,"DeFiChainNFTs, Holy_Amanita",cfp,2211,2022,Approved,3636,11/22/2022,https://github.com/DeFiCh/dfips/issues/231,https://www.reddit.com/r/defiblockchain/comments/ymoosx/cfp_defichain_poker_nights_3636_dfi/,In progress,Blockchain Improvement,NFT,DeFiChain Poker Nights,https://www.pokernow.club/mtt/dfi-poker-night-2-LOluz0WROc,https://twitter.com/DeFiChain_Poker,https://t.me/defichain_pokernight,,,,55,3636,12926,22,11,2022-11
230,DFIP-2211-C: Introduce a DFI only vault – more incentive to lock DFI in a vault #230,Lorenzo @Lorenzo50,dfip,2211,2022,Declined,0,11/22/2022,https://github.com/DeFiCh/dfips/issues/230,https://www.reddit.com/r/defiblockchain/comments/ylxsfk/introduce_a_dfi_only_vault_more_incentive_to_lock/,--,Tools-Utilities,--,Introduce a DFI only vault ,--,--,--,,,,55,0,12926,22,11,2022-11
229,CFP-2211-07: Bring DFI to the next level (375 000 DFI) #229,Dominik & Dwight from Make-it pro,cfp,2211,2022,Approved,375000,11/22/2022,https://github.com/DeFiCh/dfips/issues/229,https://www.reddit.com/r/defiblockchain/comments/ylgfi6/cfp_bring_dfi_to_the_next_level_375000_dfi/?utm_source=share&utm_medium=web2x&context=3,In progress,Financial,Exchange,Bring DFI to the next level,--,--,--,,,,55,375000,12926,22,11,2022-11
228,DFIP-2211-B: Use Burned DFI to buy and burn dUSD #228,"Mrgrauel, Phigo90, TommyPN",dfip,2211,2022,Approved,0,11/22/2022,https://github.com/DeFiCh/dfips/issues/228,--,In progress,Blockchain Improvement,--,Use Burned DFI to buy and burn dUSD,--,--,--,,,,55,0,12926,22,11,2022-11
227,DFIP-2211-A: Community Fund dUSD diversification #227,"Mrgrauel, Phigo90, TommyPN",dfip,2211,2022,Declined,0,11/22/2022,https://github.com/DeFiCh/dfips/issues/227,--,--,Blockchain Improvement,--,--,--,--,--,,,,55,0,12926,22,11,2022-11
226,CFP-2211-06: mydefichain Ocean Q1/2023 (9 500 DFI) #226,Mydefichain,cfp,2211,2022,Approved,9500,11/22/2022,https://github.com/DeFiCh/dfips/issues/226,https://www.reddit.com/r/defiblockchain/comments/ykgqqg/cfp_mydefichain_ocean_q42022_9500_dfi_and_q12023/,In progress,Tools-Utilities,API,mydefichain Ocean Q1/2023,https://mydeficha.in/en/,https://twitter.com/mydefichain,--,,,,55,9500,12926,22,11,2022-11
225,CFP-2211-05: mydefichain Ocean Q4/2022 (9 500 DFI) #225,Mydefichain,cfp,2211,2022,Approved,9500,11/22/2022,https://github.com/DeFiCh/dfips/issues/225,https://www.reddit.com/r/defiblockchain/comments/ykgqqg/cfp_mydefichain_ocean_q42022_9500_dfi_and_q12023/,In progress,Tools-Utilities,API,mydefichain Ocean Q4/2022,https://mydeficha.in/en/,https://twitter.com/mydefichain,--,,,,55,9500,12926,22,11,2022-11
224,CFP-2211-04: mydefichain Masternode Service (28 500 DFI) #224,Mydefichain,cfp,2211,2022,Approved,28500,11/22/2022,https://github.com/DeFiCh/dfips/issues/224,https://www.reddit.com/r/defiblockchain/comments/ydz2tp/cfp_support_for_mydefichain_masternode_service/,In progress,Tools-Utilities,Masternode,mydefichain Masternode Service,https://mydeficha.in/en/,https://twitter.com/mydefichain,--,,,,55,28500,12926,22,11,2022-11
223,CFP-2211-03: DeFi Meta Chain $100M Incubator Program (1 200 000 DFI) #223,"Kong Yu Ning, Product Manager, Birthday Research @kynkong91",cfp,2211,2022,Approved,1200000,11/22/2022,https://github.com/DeFiCh/dfips/issues/223,https://www.reddit.com/r/defiblockchain/comments/y08rw9/cfp_defi_meta_chain_100m_accelerator_program/,In progress,Marketing,Project improvment,DeFi Meta Chain $100M Incubator Program ,https://birthday.dev/projects,https://twitter.com/BirthdayDev,--,,,,55,1200000,12926,22,11,2022-11
222,Announcement: November 2022 voting round #222,--,ann,2211,2022,--,0,11/22/2022,--,--,--,--,--,--,--,--,--,,,,55,0,12926,22,11,2022-11
221,CFP-2211-02: DeFiChain CFPs & DFIPs Dashboard (5 000 DFI) #221,LauraL,cfp,2211,2022,Approved,5000,11/22/2022,https://github.com/DeFiCh/dfips/issues/221,https://www.reddit.com/r/defiblockchain/comments/y9xwli/cfp_defichain_cfps_dfips_dashboard_5000_dfi/,In progress,Tools-Utilities,Analytics,DeFiChain CFPs & DFIPs Dashboard,https://cfp-overview.herokuapp.com/,https://twitter.com/DefiProposal,--,,,,55,5000,12926,22,11,2022-11
220,CFP-2211-01: DFI earnings automation: defichain-compound (3 569 DFI) #220,Luzianscherrer,cfp,2211,2022,Approved,3569,11/22/2022,https://github.com/DeFiCh/dfips/issues/220,--,In progress,Financial,,DFI earnings automation: defichain-compound,--,--,--,,,,55,3569,12926,22,11,2022-11
219,DFIP-2211-G: dUSD repeg by directional fee and reward + additional dUSD burn + LM rewards #219,"Maaze19, Benbe14 ",dfip,2211,2022,Declined,0,11/22/2022,https://github.com/DeFiCh/dfips/issues/219,https://www.reddit.com/r/defiblockchain/comments/xd7m6p/dusd_repeg_dfip_discussion_dusd_repeg_by/,--,Blockchain Improvement,--,,--,--,--,,,,55,0,12926,22,11,2022-11
218,DFIP: Getting rid of the Ticker Council immediately,--,dfip,2211,2022,Invalid,0,11/22/2022,https://github.com/DeFiCh/dfips/issues/218,--,--,,,,,,,,,,55,0,12926,22,11,2022-11
217,CFP-2208-20: DeFiChain Captain - JellyfishSDK integration and performances improvements (5 100 DFI) #217,Tomas Mikula,cfp,2208,2022,Approved,5100,9/6/2022,https://github.com/DeFiCh/dfips/issues/217,https://www.reddit.com/r/defiblockchain/comments/wv4lc5/cfp_defichain_captain_jellyfishsdk_integration/,Active,Tools-Utilities,,DeFiChain Captain,https://chrome.google.com/webstore/detail/defichain-captain/hmdebandhhfnogdbbjhmjkdjhhnephkk,https://twitter.com/defichain_captn,--,,,,132,5100,11684,22,8,2022-8
216,CFP-2208-19: Auto-compounder & Automated Delta Neutral Strategy to attract TVL & help repeg DUSD (75 000 DFI) #216,"Aperture Finance, McDavid Stoddard @mcd-aperture",cfp,2208,2022,Declined,75000,9/6/2022,https://github.com/DeFiCh/dfips/issues/216,https://www.reddit.com/r/defiblockchain/comments/wv3qfe/cfp_autocompounder_automated_delta_neutral/,--,Tools-Utilities,--,Auto-compounder & Automated Delta Neutral Strategy to attract TVL & help repeg DUSD,--,--,--,,,,132,0,11684,22,8,2022-8
215,CFP-2208-21: Continue DFI rewards on BSC DFI-BNB pool on BSC/ACSI.finance (20 000 DFI) #215,"Michael (rossi256) for/with ACryptoS Team (BSC Yield Optimiser, Stableswap, Balancerv2 AMM on BSC)",cfp,2208,2022,Approved,20000,9/6/2022,https://github.com/DeFiCh/dfips/issues/215,https://www.reddit.com/r/defiblockchain/comments/se3eiz/cfp_liquidity_pool_partnership_for_bsc_20000_dfi/,In progress,Financial,,Liquidity Pool partnership for BSC+,--,--,--,,,,132,20000,11684,22,8,2022-8
214,CFP-2208-18: DFSneo - a full custody brokerage mobile application for dAssets on DeFiChain (682 000 DFI) #214,"DFSneo (Nils Pfannkuchen, Manu Voss, Aleksandar Jovanovic, Tilman Kieselbach)",cfp,2208,2022,Declined,682000,9/6/2022,https://github.com/DeFiCh/dfips/issues/214,https://www.reddit.com/r/defiblockchain/comments/wdrxx3/dfsneo_a_full_custody_brokerage_mobile/,--,Financial,--,DFSneo,https://dfsneo.com/,https://twitter.com/DFSneo,--,,,,132,0,11684,22,8,2022-8
213,CFP-2208-17: DefiCFP.org - cfp-tracking website (39 000 DFI) #213,Daniela @deficfp,cfp,2208,2022,Declined,39000,9/6/2022,https://github.com/DeFiCh/dfips/issues/213,https://www.reddit.com/r/defiblockchain/comments/wuu17g/cfp_deficfporg_cfptracking_website/,--,Tools-Utilities,--,defiCFP.org,https://www.deficfp.org/,--,--,,,,132,0,11684,22,8,2022-8
211,DFIP-2208-C: CFP proposal fees should be in proportion to the amount requested & fee distribution to voters #211,Uzyn @uzyn & Julianhosp,dfip,2208,2022,Approved,0,9/6/2022,https://github.com/DeFiCh/dfips/issues/211,https://www.reddit.com/r/defiblockchain/comments/wutsko/dfip_cfp_proposal_fees_should_be_in_proportion_to/,--,Blockchain Improvement,--,--,--,--,--,,,,132,0,11684,22,8,2022-8
210,CFP-2208-16: Economical Simulation Framework to Predict Effects of Consensus Changes on the Ecosystem (30 000 DFI) #210,"Kuegi, Chris (@sancag), Dr. Daniel Cagara (@muirglacier)",cfp,2208,2022,Approved,30000,9/6/2022,https://github.com/DeFiCh/dfips/issues/210,https://www.reddit.com/r/defiblockchain/comments/wuptyr/rfc_economical_simulation_framework_to_predict/,In progress,Tools-Utilities,,Economical Simulation Framework to Predict Effects of Consensus Changes on the Ecosystem,--,--,--,,,,132,30000,11684,22,8,2022-8
209,"CFP-2208-15: Historic Defichain Data, A Powerful Explorer, Correct Tax Reports (no-one has them) and Public Free API for Everyone (80 000 DFI) #209",Dr. Daniel Cagara (@muirglacier),cfp,2208,2022,Approved,80000,9/6/2022,https://github.com/DeFiCh/dfips/issues/209,https://www.reddit.com/r/defiblockchain/comments/wupmc2/rfc_historic_defichain_data_a_powerful_explorer/,In progress,Tools-Utilities,,"Historic Defichain Data, A Powerful Explorer, Correct Tax Reports (no-one has them) and Public Free API for Everyone",--,--,--,,,,132,80000,11684,22,8,2022-8
208,CFP-2208-14: DeFiChain Lottery Pot (20 000 DFI) #208,"Adrian (@adrian-schnell), Christian (@sandrich)",cfp,2208,2022,Approved,20000,9/6/2022,https://github.com/DeFiCh/dfips/issues/208,https://www.reddit.com/r/defiblockchain/comments/wqtegh/defichain_lottery_pot/,Active,Marketing,,DeFiChain Lottery Pot,https://defichain-lottery.com/,https://twitter.com/dfi_lottery,--,,,,132,20000,11684,22,8,2022-8
207,CFP-2208-13: Learn & Earn Execution (512 658 DFI) #207,DeFiChain Accelerator,cfp,2208,2022,Approved,512658,9/6/2022,https://github.com/DeFiCh/dfips/issues/207,https://www.reddit.com/r/defiblockchain/comments/wu7ipk/cfp_learn_earn_execution/,In progress,Marketing,,Learn & Earn Execution,https://defichain.ac/,https://twitter.com/defichainac,--,https://drive.google.com/file/d/1Wh2Tz1q8Lm8LST79pPgOUrZOeMWNGA-X/view,,,132,512658,11684,22,8,2022-8
206,CFP-2208-12: Additional Trade Show Smartcon (27 057 DFI) #206,DeFiChain Accelerator,cfp,2208,2022,Approved,27057,9/6/2022,https://github.com/DeFiCh/dfips/issues/206,https://www.reddit.com/r/defiblockchain/comments/wu1v8b/cfp_additional_trade_show_smartcon/,In progress,Marketing,,Additional Trade Show Smartcon,https://defichain.ac/,https://twitter.com/defichainac,--,,,,132,27057,11684,22,8,2022-8
205,CFP-2208-11: Top 10 Exchange Listing (566 772 DFI) #205,DeFiChain Accelerator,cfp,2208,2022,Approved,566772,9/6/2022,https://github.com/DeFiCh/dfips/issues/205,https://www.reddit.com/r/defiblockchain/comments/wtzwke/cfp_top_10_exchange_listing/,In progress,Marketing,,Top 10 Exchange Listing,https://defichain.ac/,https://twitter.com/defichainac,--,,,,132,566772,11684,22,8,2022-8
204,CFP-2208-10: DefiChain Swiss Army Knife - The Ultimate multi-tool for daily activities (15 000 DFI) #204,Ouss Benlagha @laghao Co-founder of Pond & AWS Specialised Solutions Architect,cfp,2208,2022,Declined,15000,9/6/2022,https://github.com/DeFiCh/dfips/issues/204,https://www.reddit.com/r/defiblockchain/comments/wt9dko/defichain_swiss_army_knife_the_ultimate_multitool/,--,Financial,--,DefiChain Swiss Army Knife - The Ultimate multi-tool for daily activities,--,--,--,,,,132,0,11684,22,8,2022-8
203,CFP-2208-09: DefiChain YouTube Italian formats - ITA DeFiChain News Show + Video Tutorial (20 000 DFI) #203,"Angelo Castiglione, Matteo Scalvini",cfp,2208,2022,Approved,20000,9/6/2022,https://github.com/DeFiCh/dfips/issues/203,https://www.reddit.com/r/defiblockchain/comments/wt5ix3/defichain_youtube_italian_formats_ita_defichain/,Active,Social - Community support,Educational,DefiChain YouTube Italian formats (ITA DeFiChain News Show + ITA Defichain Video Tutorial),https://www.youtube.com/channel/UCWtcqScbHlbzKP4TIUi5d9A,--,--,,,,132,20000,11684,22,8,2022-8
202,CFP-2208-08: DeFiChain Italia - Italian Community Expansion (20 000 DFI) #202,DeFiChain Italia (@DeFiChainIT) by Andrea Corsi (@andre_corsi) and Simone,cfp,2208,2022,Approved,20000,9/6/2022,https://github.com/DeFiCh/dfips/issues/202,https://www.reddit.com/r/defiblockchain/comments/wt4tu4/cfp_defichain_italia_italian_community_expansion/,Active,Social - Community support,Educational,DeFiChain Italia - Italian Community Expansion (20000 DFI),https://defichainitalia.com/,https://twitter.com/DeFiChainIT,--,,,,132,20000,11684,22,8,2022-8
201,DFIP-2208-B: Move further rewards from DUSD-DFI to USDT-DUSD / USDC-DUSD Pools #201,Mark76 @Mark76DefiChain,dfip,2208,2022,Declined,0,9/6/2022,https://github.com/DeFiCh/dfips/issues/201,https://www.reddit.com/r/defiblockchain/comments/wsdjjy/dfip_move_further_rewards_from_dusddfi_to/,--,--,--,--,--,--,--,,,,132,0,11684,22,8,2022-8
200,CFP-2208-07: International Staking Provider (300 000 DFI) #200,Jonas Surmann @SurmannJonas,cfp,2208,2022,Declined,300000,9/6/2022,https://github.com/DeFiCh/dfips/issues/200,https://www.reddit.com/r/defiblockchain/comments/wrdxyw/cfp_international_staking_provider_300000_dfi_loan/,--,Financial,--,International Staking Provider,https://lock.space/,https://twitter.com/Lock_Space_,--,,,,132,0,11684,22,8,2022-8
199,Announcement: August 2022 voting round #199,Uzyn @uzyn,ann,2208,2022,--,0,9/6/2022,https://github.com/DeFiCh/dfips/issues/199,--,--,--,--,--,--,--,--,,,,132,0,11684,22,8,2022-8
198,CFP-2208-06:DO NOT VOTE - CFP WITHDRAWN (0 DFI) #198,Benjamin OBM on behalf of Deepcoin.com @DEFICHAINFAN,cfp,2208,2022,Declined,0,9/6/2022,https://github.com/DeFiCh/dfips/issues/198,https://www.reddit.com/r/defiblockchain/comments/wpo6nd/cfp_deepcoincom_listing_11000_dfi/,--,Media & Promo,,Deepcoin.com listing,,,,,,,132,0,11684,22,8,2022-8
197,CFP-2208-05: Hackathon for DeFi Meta Chain (350 000 DFI) #197,"Kong Yu Ning, Product Manager, Birthday Research @kynkong91",cfp,2208,2022,Approved,350000,9/6/2022,https://github.com/DeFiCh/dfips/issues/197,https://www.reddit.com/r/defiblockchain/comments/wouv4y/cfp_hackathon_for_defi_meta_chain_350000_dfi/,In progress,Marketing,,Hackathon for DeFi Meta Chain,--,--,--,,,,132,350000,11684,22,8,2022-8
196,CFP: <Insert title of your CFP here> (<insert DFI amount> DFI) #196,Prasert111,cfp,2208,2022,Draft,0,9/6/2022,https://github.com/DeFiCh/dfips/issues/196,--,--,--,,--,,,,,,,132,0,11684,22,8,2022-8
195,DFIP-2208-A: payout 50% of DEX-fee to DUSD loans & introduce real negative interest rates #195,"Kuegi, DanielZirkel",dfip,2208,2022,Approved,0,9/6/2022,https://github.com/DeFiCh/dfips/issues/195,https://www.reddit.com/r/defiblockchain/comments/wfs4zx/more_incentives_for_dusd_loans_to_reduce_dexfee/,--,Blockchain Improvement,--,--,--,--,--,,,,132,0,11684,22,8,2022-8
194,CFP-2208-04: Animated series for the DefiChain (7 000 DFI) #194,Alperen Kocoglu,cfp,2208,2022,Declined,7000,9/6/2022,https://github.com/DeFiCh/dfips/issues/194,https://www.reddit.com/r/defiblockchain/comments/wghhjk/cfp_animated_series_for_the_defichain_7000_dfi/,--,Marketing,--,Animated series for the DefiChain,--,--,--,,,,132,0,11684,22,8,2022-8
193,CFP-2208-03: Chain.report - Complete DeFiChain tax integration (115 000 DFI) #193,chain.report - Dr. Florian Lindner,cfp,2208,2022,Declined,115000,9/6/2022,https://github.com/DeFiCh/dfips/issues/193,https://www.reddit.com/r/defiblockchain/comments/wc0hyl/cfp_chainreport_complete_defichain_tax/,--,Tools-Utilities,--,chain.report - Complete DeFiChain tax integration,https://chain.report/,--,--,,,,132,0,11684,22,8,2022-8
192,CFP-2208-02: For moderation and technical improvement of the Telegram group: Crypto Steuern DACH (7 860 DFI) #192,"Johann Schlegel (Telegram @JohannSchlegel) Mark A. (@MarkA91) Karsten Salomon (@K_Salomon), jascha und Steve K (@Knispello).",cfp,2208,2022,Declined,7860,9/6/2022,https://github.com/DeFiCh/dfips/issues/192,https://www.reddit.com/r/defiblockchain/comments/w2zzce/for_moderation_and_technical_improvement/,--,Social - Community support,--,For moderation and technical improvement concerning the Telegram group: Crypto Steuern DE,--,--,--,,,,132,0,11684,22,8,2022-8
191,DFIP-2207-C: Deactivation of DFI burn to payback DUSD loan & activation condition of DFI->DUSD future swap #191,Uzyn @uzyn on behalf of DeFiChain community,dfip,2207,2022,Approved,0,7/12/2022,https://github.com/DeFiCh/dfips/issues/191,--,--,Blockchain Improvement,--,--,--,--,--,,,,188,0,11299,22,7,2022-7
188,CFP-2208-01: Expansion to the Russian Community (40 000 DFI) #188,Vitali Gengel,cfp,2208,2022,Declined,40000,9/6/2022,https://github.com/DeFiCh/dfips/issues/188,,--,Marketing,--,Expansion to the Russian Community,--,--,--,,,,132,0,11684,22,8,2022-8
187,CFP-2207-18: Decentralize DeFiChain Ocean (8 000 DFI) #187,Bernd Mack @bernd-mack and Andreas Lentz @Stonygan with mydefichain,cfp,2207,2022,Approved,8000,7/12/2022,https://github.com/DeFiCh/dfips/issues/187,https://www.reddit.com/r/defiblockchain/comments/vly5vl/cfp_decentralize_defichain_ocean_8000_dfi/,In progress,Tools-Utilities,,Decentralize DeFiChain Ocean,https://ocean.mydefichain.com/,--,--,,,,188,8000,11299,22,7,2022-7
186,CFP-2207-17: Liquidity mining reward for DFI ERC20 pairs at Uniswap (1 000 000 DFI) #186,Uzyn @uzyn,cfp,2207,2022,Approved,1000000,7/12/2022,https://github.com/DeFiCh/dfips/issues/186,https://www.reddit.com/r/defiblockchain/comments/vlxbw7/cfp_liquidity_mining_reward_for_dfi_erc20_pairs/,Concluded,Financial,,Liquidity mining reward for DFI ERC20 pairs at Uniswap,https://v2.info.uniswap.org/token/0x8fc8f8269ebca376d046ce292dc7eac40c8d358a,--,--,,,,188,1000000,11299,22,7,2022-7
185,CFP-2207-16: DeFiChain Community Explorer - An alternative explorer (20 000 DFI) #185,Jan & Lukas,cfp,2207,2022,Declined,20000,7/12/2022,https://github.com/DeFiCh/dfips/issues/185,https://www.reddit.com/r/defiblockchain/comments/vlvkvx/defichain_community_explorer_an_alternative/,--,Tools-Utilities,--,DeFiChain Community Explorer - An alternative explorer for more decentralization!,--,--,--,,,,188,0,11299,22,7,2022-7
184,DFIP-2207-B: Introduce USDC-DUSD and USDT-DUSD pool for a stable DUSD peg (including shortterm relief for DUSD discount) #184,Kuegi,dfip,2207,2022,Approved,0,7/12/2022,https://github.com/DeFiCh/dfips/issues/184,https://www.reddit.com/r/defiblockchain/comments/vlsgxx/dfip_introducing_usdtdusd_and_usdcdusd_for_a/,--,Blockchain Improvement,--,--,--,--,--,,,,188,0,11299,22,7,2022-7
183,CFP-2207-15: DeFiChain-Wizard - Automation for mass adoption (42 000 DFI) #183,"Sascha Sambale, Benjamin Bockmühl, Tim Gaggstatter, Sven Igl, Dario Leunig, Philip Lankes, Kevin Söll, Goran Amin",cfp,2207,2022,Approved,42000,7/12/2022,https://github.com/DeFiCh/dfips/issues/183,https://www.reddit.com/r/defiblockchain/comments/veotq3/cfp220627_defichainwizard_automation_for_mass/,In progress,Financial,,DeFiChain-Wizard - Automation for mass adoption,https://defichain-wizard.com/,https://twitter.com/DefichainWizard,--,,,,188,42000,11299,22,7,2022-7
182,CFP-2207-14: JELLYWALLET FINAL CFP (168 975 DFI) #182,DeFiChain Accelerator x Santiago Sabater,cfp,2207,2022,Approved,168975,7/12/2022,https://github.com/DeFiCh/dfips/issues/182,https://www.reddit.com/r/defiblockchain/comments/vl7iuz/lets_build_on_defichain_jellywallet_final_cfp/,Concluded,Tools-Utilities,,Let's build on DeFiChain!! Jellywallet final CFP!,https://jellywallet.io/,https://twitter.com/defichainac,--,,,,188,168975,11299,22,7,2022-7
181,CFP-2207-13: APOLLO MISSION - BRAND AWARENESS CAMPAIGN (281 250 DFI) #181,DeFiChain Accelerator x Santiago Sabater,cfp,2207,2022,Approved,281250,7/12/2022,https://github.com/DeFiCh/dfips/issues/181,https://www.reddit.com/r/defiblockchain/comments/vl4ms0/apollo_mission_extension_defichain_accelerator/,In progress,Marketing,,APOLLO MISSION EXTENSION - DeFiChain Accelerator,https://defichain.ac/,https://twitter.com/defichainac,--,,,,188,281250,11299,22,7,2022-7
180,CFP-2207-12: APOLLO MISSION - TRADE SHOWS (132 278 DFI) #180,DeFiChain Accelerator x Santiago Sabater,cfp,2207,2022,Approved,132278,7/12/2022,https://github.com/DeFiCh/dfips/issues/180,https://www.reddit.com/r/defiblockchain/comments/vl4ms0/apollo_mission_extension_defichain_accelerator/,In progress,Marketing,,APOLLO MISSION EXTENSION - DeFiChain Accelerator,https://defichain.ac/,https://twitter.com/defichainac,--,,,,188,132278,11299,22,7,2022-7
179,CFP-2207-11: dSTOCKS.io - Trading wallet for synthetic assets (85 000 DFI) #179,Matthias Nagele and Mirko Riedel,cfp,2207,2022,Approved,85000,7/12/2022,https://github.com/DeFiCh/dfips/issues/179,https://www.reddit.com/r/defiblockchain/comments/vl1vmu/cfp_dstocksio_trading_wallet_for_synthetic_assets/,In progress,Tools-Utilities,,dSTOCKS.io - Trading wallet for synthetic assets,https://www.dstocks.io/,https://twitter.com/dSTOCKS_io,--,,,,188,85000,11299,22,7,2022-7
178,CFP-2207-10: Vault-maxi v2 and command center (20 000 DFI) #178,"Kuegi, Krysh90",cfp,2207,2022,Approved,20000,7/12/2022,https://github.com/DeFiCh/dfips/issues/178,https://www.reddit.com/r/defiblockchain/comments/vi3d71/cfp_vaultmaxi_v2_and_command_center_20000_dfi/,Concluded,Tools-Utilities,,Vault-maxi v2 and command center,--,--,--,,,,188,20000,11299,22,7,2022-7
177,CFP-2207-09: Sharing is caring - DeFiChain Wiki Updates (3 000 DFI) #177,Kassius84',cfp,2207,2022,Approved,3000,7/12/2022,https://github.com/DeFiCh/dfips/issues/177,https://www.reddit.com/comments/vicpz7,Concluded,Social - Community support,,Sharing is caring - DeFiChain Wiki Updates,https://defichain-wiki.com/wiki/Main_Page,--,--,,,,188,3000,11299,22,7,2022-7
176,CFP-2207-08: Telegram Moderators (41 250 DFI) #176,Michael Schredl @karazman,cfp,2207,2022,Approved,41250,7/12/2022,https://github.com/DeFiCh/dfips/issues/176,https://www.reddit.com/r/defiblockchain/comments/v6rc8y/telegram_cfp/,Concluded,Social - Community support,,Telegram CFP,--,--,--,,,,188,41250,11299,22,7,2022-7
175,CFP-2207-07: DeFiChain-Cockpit - everything under control (45 000 DFI) #175,Much & Erich,cfp,2207,2022,Approved,45000,7/12/2022,https://github.com/DeFiCh/dfips/issues/175,https://www.reddit.com/r/defiblockchain/comments/vhw5os/cfp_defichaincockpit_everything_under_control/,In progress,Tools-Utilities,,DeFiChain-Cockpit - everything under control,https://defichain-cockpit.com/,--,--,,,,188,45000,11299,22,7,2022-7
174,CFP-2207-06: Cashflow Butler - cashflow for everyone without crypto assets (175 000 DFI) #174,Igor Shelkovenkov and Sebastian Lang,cfp,2207,2022,Approved,175000,7/12/2022,https://github.com/DeFiCh/dfips/issues/174,https://www.reddit.com/r/defiblockchain/comments/vhhk0n/cashflow_butler_cashflow_for_everyone_without/,In progress,Financial,,Cashflow Butler - cashflow for everyone without crypto assets,https://cashflow-butler.com/,https://twitter.com/javliscom,--,,,,188,175000,11299,22,7,2022-7
173,CFP-2207-05: dSEA - the NFT marketplace for DeFiChain (26 300 DFI) #173,DeFiChainNFTs&Team,cfp,2207,2022,Approved,26300,7/12/2022,https://github.com/DeFiCh/dfips/issues/173,https://www.reddit.com/r/defiblockchain/comments/vhikft/cfp_dsea_the_nft_marketplace_for_defichain_25600/,In progress,Tools-Utilities,,dSEA - the NFT marketplace for DeFiChain,http://dsea.io/,https://twitter.com/dSEA_DFI,--,,,,188,26300,11299,22,7,2022-7
172,CFP-2207-04: saiive.live Infrastructure funding till end of year (6 000 DFI) #172,Patrik,cfp,2207,2022,Approved,6000,7/12/2022,https://github.com/DeFiCh/dfips/issues/172,https://www.reddit.com/r/defiblockchain/comments/vgf313/cfp_saiivelive_infrastructure_funding_till_end_of/,Abandoned,Tools-Utilities,,saiive.live Infrastructure funding till end of year,https://www.saiive.live/,https://twitter.com/saiivelive,--,,,,188,6000,11299,22,7,2022-7
171,CFP-2207-03: Improvement and maintenance of DeFiChain-Analytics (25 000 DFI) #171,Daniel Zirkel - DZ (@DanielZirkel),cfp,2207,2022,Approved,25000,7/12/2022,https://github.com/DeFiCh/dfips/issues/171,https://www.reddit.com/r/defiblockchain/comments/vf2nk9/cfp_improvement_and_maintenance_of/,Active,Tools-Utilities,,Improvement and maintenance of DeFiChain-Analytics,https://www.defichain-analytics.com/,--,--,,,,188,25000,11299,22,7,2022-7
170,Announcement: June 2022 special voting round for DUSD #170,--,ann,2206,2022,Approved,0,6/23/2022,https://github.com/DeFiCh/dfips/issues/170,--,--,--,--,--,--,--,--,,,,207,0,11126,22,6,2022-6
169,CFP-2207-02: Development of a Wallet Monitoring System (28 000 DFI) #169,"Benjamin Bockmühl, Danny Blau, Elmar Lohe",cfp,2207,2022,Approved,28000,7/12/2022,https://github.com/DeFiCh/dfips/issues/169,https://www.reddit.com/r/defiblockchain/comments/vepgzg/cfp_development_of_a_wallet_monitoring_system/,Unknown,Tools-Utilities,,Development of a Wallet Monitoring System,--,--,--,,,,188,28000,11299,22,7,2022-7
168,"CFP-2207-01: Pond, decentralize Ocean API and run it everywhere (30 000 DFI) #168","Christian Sandrini (@sandrich), Oussama Ben Lagha (@laghao)",cfp,2207,2022,Approved,30000,7/12/2022,https://github.com/DeFiCh/dfips/issues/168,https://www.reddit.com/r/defiblockchain/comments/v7x6te/cfp_pond_decentralize_ocean_api_and_run_it/,Unknown,Tools-Utilities,,"Pond, decentralize Ocean API and run it everywhere",--,--,--,,,,188,30000,11299,22,7,2022-7
167,DFIP-2206-F: FutureSwaps for DFI -> DUSD (only one way) and deactivate DFI payback for DUSD #167,Ticker council,dfip,2206,2022,Approved,0,6/23/2022,https://github.com/DeFiCh/dfips/issues/167,https://www.reddit.com/r/defiblockchain/comments/vdp0td/solving_the_dusd_peg_result_of_twitter_space/,--,Blockchain Improvement,--,--,--,--,--,,,,207,0,11126,22,6,2022-6
166,DFIP-2206-E: Dynamic interest rates on DUSD loans #166,Ticker council,dfip,2206,2022,Approved,0,6/23/2022,https://github.com/DeFiCh/dfips/issues/166,https://www.reddit.com/r/defiblockchain/comments/vdp0td/solving_the_dusd_peg_result_of_twitter_space/,--,Blockchain Improvement,--,--,--,--,--,,,,207,0,11126,22,6,2022-6
165,DFIP-2206-D: Dynamic DEX stabilization fee for DUSD on the DUSD-DFI pair #165,Ticker council,dfip,2206,2022,Approved,0,6/23/2022,https://github.com/DeFiCh/dfips/issues/165,https://www.reddit.com/r/defiblockchain/comments/vdp0td/solving_the_dusd_peg_result_of_twitter_space/,--,Blockchain Improvement,--,--,--,--,--,,,,207,0,11126,22,6,2022-6
164,DFIP-2206-C: Increase the payback DFI fee of DUSD to 5% #164,Ticker council,dfip,2206,2022,Approved,0,6/23/2022,https://github.com/DeFiCh/dfips/issues/164,https://www.reddit.com/r/defiblockchain/comments/vdp0td/solving_the_dusd_peg_result_of_twitter_space/,--,Blockchain Improvement,--,--,--,--,--,,,,207,0,11126,22,6,2022-6
163,DFIP-2206-B: Making the DEX burn on DUSD-DFI asymmetric #163,Ticker council,dfip,2206,2022,Approved,0,6/23/2022,https://github.com/DeFiCh/dfips/issues/163,https://www.reddit.com/r/defiblockchain/comments/vdp0td/solving_the_dusd_peg_result_of_twitter_space//,--,Blockchain Improvement,--,--,--,--,--,,,,207,0,11126,22,6,2022-6
162,DFIP-2206-A: Burning interest rates and liquidation penalty in DUSD #162,Ticker council,dfip,2206,2022,Approved,0,6/23/2022,https://github.com/DeFiCh/dfips/issues/162,https://www.reddit.com/r/defiblockchain/comments/vdp0td/solving_the_dusd_peg_result_of_twitter_space/,--,Blockchain Improvement,--,--,--,--,--,,,,207,0,11126,22,6,2022-6
161,DFIP-2207-A: New vault liquidation rules #161,Miningfreak73 aka Peter Meier,dfip,2207,2022,Approved,0,7/12/2022,https://github.com/DeFiCh/dfips/issues/161,https://www.reddit.com/r/defiblockchain/comments/u8u7s2/dfip4_new_vault_liquidation_rules/,--,Blockchain Improvement,--,--,--,--,--,,,,188,0,11299,22,7,2022-7
160,DFIP-2206-G: Allow liquidity mining tokens as collateral #160,Wolfgang Stindl,dfip,2206,2022,Declined,0,6/23/2022,https://github.com/DeFiCh/dfips/issues/160,https://www.reddit.com/r/defiblockchain/comments/vdjc7z/dfip_allow_liquidity_mining_tokens_as_collateral/,--,Blockchain Improvement,--,--,--,--,--,,,,207,0,11126,22,6,2022-6
159,Announcement: July 2022 voting round #159,Uzyn @uzyn,ann,2207,2022,--,0,7/12/2022,https://github.com/DeFiCh/dfips/issues/159,--,--,--,--,--,--,--,--,,,,188,0,11299,22,7,2022-7
156,DFIP-2205-F: Ticker Council's role & functions #156,Uzyn @uzyn,dfip,2205,2022,Approved,0,5/17/2022,https://github.com/DeFiCh/dfips/issues/156,,--,Blockchain Improvement,--,--,--,--,--,,,,244,0,11029,22,5,2022-5
155,DFIP: Ticker council's role & functions #155,Uzyn @uzyn,dfip,2205,2022,Draft,0,5/17/2022,https://github.com/DeFiCh/dfips/issues/155,--,--,--,,--,,,,,,,244,0,11029,22,5,2022-5
154,CFP-2205-10: Providing liquidity on Pancakeswap in the BUSD-DFI Pool (100 000 DFI) #154,Bernd Mack @bernd-mack and Andreas Lentz @Stonygan with mydefichain,cfp,2205,2022,Approved,100000,5/17/2022,https://github.com/DeFiCh/dfips/issues/154,https://www.reddit.com/r/defiblockchain/comments/ue48fr/dfip_discussion_cfp_funding_for_pancakeswap/,Active,Tools-Utilities,,Funding for Pancakeswap,https://defichain-bridge.com/#/welcome,--,--,,,,244,100000,11029,22,5,2022-5
153,CFP-2205-09: Providing liquidity on Pancakeswap in the BNB-DFI Pool (100 000 DFI) #153,Bernd Mack @bernd-mack and Andreas Lentz @Stonygan with mydefichain,cfp,2205,2022,Approved,100000,5/17/2022,https://github.com/DeFiCh/dfips/issues/153,https://www.reddit.com/r/defiblockchain/comments/ue48fr/dfip_discussion_cfp_funding_for_pancakeswap/,Active,Tools-Utilities,,Funding for Pancakeswap,https://defichain-bridge.com/#/welcome,--,--,,,,244,100000,11029,22,5,2022-5
152,CFP-2205-08: DeFiChain MediaPool (18 000 DFI) #152,Inan Atalay,cfp,2205,2022,Approved,18000,5/17/2022,https://github.com/DeFiCh/dfips/issues/152,https://www.reddit.com/r/defiblockchain/comments/uh0c5g/cfp_defichain_mediapool_18000_dfi/,Active,Tools-Utilities,,DeFiChain MediaPool,https://defichain-mediapool.com/,--,--,,,,244,18000,11029,22,5,2022-5
151,CFP-2205-07: DO NOT VOTE - CFP WITHDRAWN (0 DFI) #151,"Defichain goes Congo (Balthasar Becker, Peter Dehnert, Lukas Schlickenrieder)",cfp,2205,2022,Declined,0,5/17/2022,https://github.com/DeFiCh/dfips/issues/151,https://www.reddit.com/r/defiblockchain/comments/ugzo0r/cfp_defichain_goes_congo/,--,--,--,,--,--,--,,,,244,0,11029,22,5,2022-5
150,DFIP-2205-E: Enable dToken loan repayment via futureswap against vault collateral #150,Eric Maynard @Troubladore,dfip,2205,2022,Declined,0,5/17/2022,https://github.com/DeFiCh/dfips/issues/150,https://www.reddit.com/r/defiblockchain/comments/uab1nz/dfip5_enable_dtoken_loan_repayment_through_a/,--,Blockchain Improvement,--,--,--,--,--,,,,244,0,11029,22,5,2022-5
149,CFP-2205-06: DeFiChain-Einstein.com (3 500 DFI) #149,"Lukas, Jan, Max und Simon",cfp,2205,2022,Approved,3500,5/17/2022,https://github.com/DeFiCh/dfips/issues/149,https://www.reddit.com/r/defiblockchain/comments/uf7dn5/defichaineinsteincom_features_roadmap/,Active,Tools-Utilities,,DeFiChain-Einstein.com - Features & Roadmap,https://defichain-einstein.com/,--,--,,,,244,3500,11029,22,5,2022-5
148,CFP-2205-05: defichain-income.com implemented features (12 200 DFI) #148,Igor Shelkovenkov,cfp,2205,2022,Approved,12200,5/17/2022,https://github.com/DeFiCh/dfips/issues/148,https://www.reddit.com/r/defiblockchain/comments/uew3ux/defichainincomecom_implemented_features_and/,Active,Tools-Utilities,,Defichain-Income.com - Implemented Features and Support,https://defichain-income.com/,--,--,,,,244,12200,11029,22,5,2022-5
147,CFP-2205-04: The Jellyfish CFP: Sustaining Ocean Infrastructure Growth (20 000 DFI) #147,Loh Fuxing - Jellyfish Maintainer,cfp,2205,2022,Approved,20000,5/17/2022,https://github.com/DeFiCh/dfips/issues/147,https://www.reddit.com/r/defiblockchain/comments/uc3p4w,Unknown,Tools-Utilities,,The Jellyfish CFP: Sustaining Ocean Infrastructure Growth,--,--,--,,,,244,20000,11029,22,5,2022-5
146,CFP-2205-03: Empowering more community members (22 000 DFI) #146,Ruben Baas,cfp,2205,2022,Approved,22000,5/17/2022,https://github.com/DeFiCh/dfips/issues/146,https://www.reddit.com/r/defiblockchain/comments/ubty1k/cfp_empowering_more_community_members_22000_dfi/,Unknown,Tools-Utilities,,Empowering more community member,--,--,--,,,,244,22000,11029,22,5,2022-5
145,DFIP-2205-D: Disable the DUSD Burn Fee #145,Darkchicken1991,dfip,2205,2022,Declined,0,5/17/2022,https://github.com/DeFiCh/dfips/issues/145,https://www.reddit.com/r/defiblockchain/comments/uavwsh/deactivate_the_dusd_burn_fee/,--,Blockchain Improvement,--,--,--,--,--,,,,244,0,11029,22,5,2022-5
144,DFIP-2205-C: Disable the dToken Burn Fee #144,Darkchicken1991,dfip,2205,2022,Declined,0,5/17/2022,https://github.com/DeFiCh/dfips/issues/144,https://www.reddit.com/r/defiblockchain/comments/uaszkl/dfip_disable_the_dtoken_burn_fee/,--,Blockchain Improvement,--,--,--,--,--,,,,244,0,11029,22,5,2022-5
143,CFP-2205-02: dStocks Quickcheck (2 000 DFI) #143,Robert S. aka robrevolver aka robbiraptor,cfp,2205,2022,Approved,2000,5/17/2022,https://github.com/DeFiCh/dfips/issues/143,https://www.reddit.com/r/defiblockchain/comments/u753jd/cfp_dstocks_quickcheck_2000_dfi/,Active,Tools-Utilities,,dStocks Quickcheck,https://dstocks-defichain.web.app/,,,,,,244,2000,11029,22,5,2022-5
142,DFIP-2205-B: Rights of DeFiChain logo for commercial use #142,Robert Nowak,dfip,2205,2022,Approved,0,5/17/2022,https://github.com/DeFiCh/dfips/issues/142,https://www.mycryptocard.shop/products/mycryptocard?variant=42607982477568,--,Blockchain Improvement,--,--,--,--,--,,,,244,0,11029,22,5,2022-5
141,DFIP-2205-A: Establishment of technical committee #141,Uzyn @uzyn,dfip,2205,2022,Approved,0,5/17/2022,https://github.com/DeFiCh/dfips/issues/141,https://www.reddit.com/r/defiblockchain/comments/u78dpu/dfip_establishment_of_technical_committee/,--,Blockchain Improvement,--,--,--,--,--,,,,244,0,11029,22,5,2022-5
140,Announcement: May 2022 voting round #140,Uzyn @uzyn,ann,2205,2022,--,0,5/17/2022,https://github.com/DeFiCh/dfips/issues/140,--,--,--,--,--,--,--,--,,,,244,0,11029,22,5,2022-5
138,CFP-2205-01: Moonrize - Reddit Posting Bot (8 753 DFI) #138,Scott Rodgers & Mathew Kovacs,cfp,2205,2022,Approved,8753,5/17/2022,https://github.com/DeFiCh/dfips/issues/138,https://www.reddit.com/r/defiblockchain/comments/tamoyu/cfp_moonrize_reddit_posting_bot_20000_dfi/,Unknown,Tools-Utilities,,Moonrize - Reddit Posting Bot,--,--,--,,,,244,8753,11029,22,5,2022-5
137,CFP-2203-10: Masternode Monitor 2.0 (12 500 DFI) #137,Michael Fuchs,cfp,2203,2022,Approved,12500,3/29/2022,https://github.com/DeFiCh/dfips/issues/137,,Active,Tools-Utilities,,Masternode Monitor 2.0,https://www.defichain-masternode-monitor.com/#/,--,--,,,,293,12500,10875,22,3,2022-3
136,CFP-2203-09: Extending Dobby with phone notifications (30 000 DFI) #136,"Michael (@BuzzJoe), Adrian (@adrian-schnell), Christian (@sandrich)",cfp,2203,2022,Approved,30000,3/29/2022,https://github.com/DeFiCh/dfips/issues/136,https://www.reddit.com/r/defiblockchain/comments/te2qrg/cfp_dobby_premium_30000_dfi/,Active,Tools-Utilities,,Dobby premium,https://defichain-dobby.com/#/setup,--,--,,,,293,30000,10875,22,3,2022-3
135,Announcement: March 2022 voting round #135,Uzyn @uzyn,ann,2203,2022,--,0,3/29/2022,https://github.com/DeFiCh/dfips/issues/135,--,--,--,--,--,--,--,--,,,,293,0,10875,22,3,2022-3
134,CFP-2203-08: Defichain-Ecosystem (2 000 DFI) #134,Pho (Telegram: mm_phoenix),cfp,2203,2022,Approved,2000,3/29/2022,https://github.com/DeFiCh/dfips/issues/134,https://www.reddit.com/r/defiblockchain/comments/tblnxz/cfp_defichainecosystemcom_overview_over_the/,Unknown,Tools-Utilities,,Defichain-Ecosystem.com - Overview over the Defichain Ecosystem,https://defichain-ecosystem.com/en/,--,--,,,,293,2000,10875,22,3,2022-3
133,CFP-2203-07: DeFiChain Python Library (1 800 DFI) #133,Eric Volz GitHub,cfp,2203,2022,Approved,1800,3/29/2022,https://github.com/DeFiCh/dfips/issues/133,https://www.reddit.com/r/defiblockchain/comments/tdhbj6/cfp_defichain_python_library_1800_dfi/,Concluded,Tools-Utilities,,DeFiChain Python Library,https://github.com/eric-volz/DefichainPython,--,--,,,,293,1800,10875,22,3,2022-3
132,CFP-2203-06: DefiChain Sports App (189'500 DFI) #132,"Thomas Schaffner (GitHub “tmschaffner”, IC “tritom”), Simon Muster, Gerrit Eberhardt (IC “Gerrit”)",cfp,2203,2022,Declined,189500,3/29/2022,https://github.com/DeFiCh/dfips/issues/132,https://www.reddit.com/r/defiblockchain/comments/tdea0p/cfp_defichain_sports_app/,--,Marketing,--,,--,--,--,,,,293,0,10875,22,3,2022-3
131,CFP-2203-05: DeFiChain Captain - New features + ongoing maintenance (4 500 DFI) #131,Tomas Mikula,cfp,2203,2022,Approved,4500,3/29/2022,https://github.com/DeFiCh/dfips/issues/131,https://www.reddit.com/r/defiblockchain/comments/tcu2oy/cfp_defichain_captain_new_features_ongoing/,Active,Tools-Utilities,,DeFiChain Captain - New features + ongoing maintenance,https://chrome.google.com/webstore/detail/defichain-captain/hmdebandhhfnogdbbjhmjkdjhhnephkk,https://twitter.com/defichain_captn,--,,,,293,4500,10875,22,3,2022-3
130,CFP-2203-04: DeFiChain Community Blog (650 DFI) #130,Lukas Osterheider,cfp,2203,2022,Approved,650,3/29/2022,https://github.com/DeFiCh/dfips/issues/130,https://www.reddit.com/r/defiblockchain/comments/tcm2bx/cfp_defichain_community_blog_650_dfi/,Concluded,Social - Community support,Educational,DeFiChain Community Blog,https://defichain-blog.com/de/,--,--,,,,293,650,10875,22,3,2022-3
129,CFP-2203-03: AlkCoin for DefiChain (0 DFI) #129,Dr. Thorsten Köddermann,cfp,2203,2022,Declined,0,3/29/2022,https://github.com/DeFiCh/dfips/issues/129,https://www.reddit.com/r/defiblockchain/comments/tb16f7/alkcoin_for_defichain/,--,Financial,--,AlkCoin for DefiChain,https://www.vfitec.com/What-do-we-do/index.php/,--,--,,,,293,0,10875,22,3,2022-3
128,DFIP-2203-B: Vault | Adding Ethereum as collateral for vaults #128,Kevin Söll @KevinSoell & @tooltimefan,dfip,2203,2022,Approved,0,3/29/2022,https://github.com/DeFiCh/dfips/issues/128,https://www.reddit.com/r/defiblockchain/comments/tb8qnr/vault_adding_ethereum_as_collateral_for_vaults/,--,Blockchain Improvement,--,--,--,--,--,,,,293,0,10875,22,3,2022-3
127,DFIP-2203-A: Solving dToken premium via future contracts #127,DanielZirkel,dfip,2203,2022,Approved,0,3/29/2022,https://github.com/DeFiCh/dfips/issues/127,https://www.reddit.com/r/defiblockchain/comments/t63ppr/handling_dtoken_premium_with_futures/,--,Blockchain Improvement,--,--,--,--,--,,,,293,0,10875,22,3,2022-3
126,CFP-2203-02: For moderation concerning the Telegram group: Crypto Steuern DACH (ENG/DE) (1 510 DFI) #126,Johann Schlegel (Telegram @JohannSchlegel) Mark A. (@MarkA91) Karsten Salomon (@K_Salomon) and Martin Dr. L,cfp,2203,2022,Approved,1510,3/29/2022,https://github.com/DeFiCh/dfips/issues/126,https://www.reddit.com/r/defiblockchain/comments/t9py04/cfp_for_moderation_concerning_the_telegram_group/,Unknown,Social - Community support,,For moderation concerning the Telegram group: Crypto Steuern DACH (ENG/DE),--,--,--,,,,293,1510,10875,22,3,2022-3
125,CFP-2203-01: Public REST API For Historical DEX Prices (2 600 DFI) #125,Christian GitHub,cfp,2203,2022,Approved,2600,3/29/2022,https://github.com/DeFiCh/dfips/issues/125,https://www.reddit.com/r/defiblockchain/comments/srk9p4/cfp_public_rest_api_for_historical_dex_prices/,Active,Tools-Utilities,,Public REST API For Historical DEX Prices,https://rapidapi.com/chrizogAPI/api/historical-dex-data-for-defichain,--,--,,,,293,2600,10875,22,3,2022-3
124,"1. If everyone deposits their masternodes as collateral, there will be enormous price pressure on DFIs and DFIs will crash because many no longer need new DFIs and simply take the MNs. This is not good. #124",--,ann,2202,2022,--,0,2/15/2022,https://github.com/DeFiCh/dfips/issues/124,--,--,--,--,--,--,--,--,,,,335,0,10791,22,2,2022-2
123,CFP-2202-17: Defichain Value - New features and ongoing maintenance (12 000 DFI) #123,"Dominik, David, Lennart and Anastasiia",cfp,2202,2022,Approved,12000,2/15/2022,https://github.com/DeFiCh/dfips/issues/123,https://www.reddit.com/r/defiblockchain/comments/shccw0/cfp_defichain_value_new_features_and_ongoing/,Active,Tools-Utilities,,Defichain Value - New features and ongoing maintenance,https://defichain-value.com/,--,--,,,,335,12000,10791,22,2,2022-2
122,CFP-2202-16: DeFiChain Core Developer (25 000 DFI) #122,RomanShumkov ,cfp,2202,2022,Declined,25000,2/15/2022,https://github.com/DeFiCh/dfips/issues/122,https://www.reddit.com/r/defiblockchain/comments/sgfcbs/cfp_defichain_core_developer_25k_dfi/,--,Social - Community support,--,DeFiChain Core Developer,--,--,--,,,,335,0,10791,22,2,2022-2
121,CFP-2202-15: DeFiChain bug bounty fund pre-allocation (50 000 DFI) #121,Uzyn @uzyn,cfp,2202,2022,Approved,50000,2/15/2022,https://github.com/DeFiCh/dfips/issues/121,,Active,Social - Community support,,DeFiChain Bug Bounty Program,https://defichain.com/bug-bounty/,--,--,,,,335,50000,10791,22,2,2022-2
120,CFP-2202-14: Bounty DeFichain atomic swap exploit (1 000 000 DFI) and finder's reward #120,Lord Mark,cfp,2202,2022,Approved,1000000,2/15/2022,https://github.com/DeFiCh/dfips/issues/120,https://www.reddit.com/r/defiblockchain/comments/sgt78p/comment/%5D/,Active,Social - Community support,,CFP to set a Bounty to identify DeFichain atomic swap exploiters and to recover funds,--,--,--,,,,335,1000000,10791,22,2,2022-2
119,CFP-2202-13: Defichain Chrome Extension - Long term (20 000 DFI) #119,Tomas Mikula,cfp,2202,2022,Declined,20000,2/15/2022,https://github.com/DeFiCh/dfips/issues/119,https://www.reddit.com/r/defiblockchain/comments/sfoaes/cfp_defichain_chrome_extension_long_term_20000/,--,Tools-Utilities,--,Defichain Chrome Extension - Long term,--,--,--,,,,335,0,10791,22,2,2022-2
118,CFP-2202-12: Defichain Chrome Extension - New features [option 2] (3 200 DFI) #118,Tomas Mikula,cfp,2202,2022,Declined,3200,2/15/2022,https://github.com/DeFiCh/dfips/issues/118,https://www.reddit.com/r/defiblockchain/comments/sf1axa/cfp_defichain_chrome_extension_new_features_3200/,--,Tools-Utilities,--,Defichain Chrome Extension - New features,--,--,--,,,,335,0,10791,22,2,2022-2
117,CFP-2202-11: APOLLO MISSION - 4 (12 410.16 DFI) #117,DeFiChain Accelerator Team,cfp,2202,2022,Approved,12410,2/15/2022,https://github.com/DeFiCh/dfips/issues/117,https://www.reddit.com/r/defiblockchain/comments/sar597/apollo_mission_defichain_accelerator/,In progress,Marketing,,APOLLO MISSION - DeFiChain Accelerator,https://defichain.ac/,https://twitter.com/defichainac,--,,,,335,12410,10791,22,2,2022-2
116,CFP-2202-10: APOLLO MISSION - 3 (51 473 DFI) #116,DeFiChain Accelerator Team,cfp,2202,2022,Approved,51473,2/15/2022,https://github.com/DeFiCh/dfips/issues/116,https://www.reddit.com/r/defiblockchain/comments/sar597/apollo_mission_defichain_accelerator/,In progress,Marketing,,APOLLO MISSION - DeFiChain Accelerator,https://defichain.ac/,https://twitter.com/defichainac,--,,,,335,51473,10791,22,2,2022-2
115,CFP-2202-09: APOLLO MISSION - 2 (217 178 DFI) #115,DeFiChain Accelerator Team,cfp,2202,2022,Approved,217178,2/15/2022,https://github.com/DeFiCh/dfips/issues/115,https://www.reddit.com/r/defiblockchain/comments/sar597/apollo_mission_defichain_accelerator/,In progress,Marketing,,APOLLO MISSION - DeFiChain Accelerator,https://defichain.ac/,https://twitter.com/defichainac,--,,,,335,217178,10791,22,2,2022-2
114,CFP-2202-08: APOLLO MISSION - 1 (646 251 DFI) #114,DeFiChain Accelerator Team,cfp,2202,2022,Approved,646251,2/15/2022,https://github.com/DeFiCh/dfips/issues/114,https://www.reddit.com/r/defiblockchain/comments/sar597/apollo_mission_defichain_accelerator/,In progress,Marketing,,APOLLO MISSION - DeFiChain Accelerator,https://defichain.ac/,https://twitter.com/defichainac,--,,,,335,646251,10791,22,2,2022-2
113,CFP-2202-07: DeFiChain NFTs (750 DFI) #113,Maurice Nowak,cfp,2202,2022,Approved,750,2/15/2022,https://github.com/DeFiCh/dfips/issues/113,https://www.reddit.com/r/defiblockchain/comments/sgbh5k/cfp_defichain_nfts_750_dfi_113/,Active,Marketing,,DeFiChain NFTs,https://www.defichainnfts.com/,https://twitter.com/DeFiChainNFTs,--,,,,335,750,10791,22,2,2022-2
112,DFIP-2202-C: Vault | Collateralization Ratio to 125% / Interest Rate to 10% APR #112,Unofficialtool on Reddit,dfip,2202,2022,Declined,0,2/15/2022,https://github.com/DeFiCh/dfips/issues/112,https://www.reddit.com/r/defiblockchain/comments/se12nl/vault_collateralization_ratio_to_125_interest/,--,Blockchain Improvement,--,--,--,--,--,,,,335,0,10791,22,2,2022-2
111,CFP-2202-06: Trading Wallet & Tool Set for dStocks Trading (75 000 DFI) #111,"Mirko Riedel, Matthias M. Nagele (GitHub: mmnagele)",cfp,2202,2022,Declined,75000,2/15/2022,https://github.com/DeFiCh/dfips/issues/111,https://www.reddit.com/r/defiblockchain/comments/sg6zr1/cfp_trading_wallet_tool_set_for_dstocks_trading/,--,Financial,--,Trading Wallet & Tool Set for dStocks Trading,https://dstocks.io/,https://twitter.com/dSTOCKS_io,--,,,,335,0,10791,22,2,2022-2
110,CFP-2202-05: Telegram Moderators (10 000 DFI) #110,Michael Schredl @karazman,cfp,2202,2022,Approved,10000,2/15/2022,https://github.com/DeFiCh/dfips/issues/110,https://www.reddit.com/r/defiblockchain/comments/sd5jx5/cfp_proposal_telegramreddit_moderators/,Concluded,Social - Community support,,Telegram/Reddit Moderators,--,--,--,,,,335,10000,10791,22,2,2022-2
109,DFIP-2202-B: Invest 50% of DeFiChain's BTC/ETH/USDC/USDT Collateral in Cake's Lending Services #109,"frankleekaimin (github), stackontop (reddit)",dfip,2202,2022,Declined,0,2/15/2022,https://github.com/DeFiCh/dfips/issues/109,,--,Blockchain Improvement,--,--,--,--,--,,,,335,0,10791,22,2,2022-2
108,CFP-2202-04: Marketing - bring DFI to the German and English speaking countries (25 000 DFI) #108,"RoyDD87, Roy Hadamietz, Joe Brödner, Robin Ludwig, Oliver Jeutner",cfp,2202,2022,Declined,25000,2/15/2022,https://github.com/DeFiCh/dfips/issues/108,https://www.reddit.com/r/defiblockchain/comments/setrqr/cfp_marketing_bring_dfi_to_the_german_and_english/,--,Marketing,--,Marketing - bring DFI to the German and English speaking countries,--,--,--,,,,335,0,10791,22,2,2022-2
107,DFIP-2202-A: Deposit of a Masternode as security for a loan #107,Derstrecker [Github] aka Abuna Semai [Telegram],dfip,2202,2022,Declined,0,2/15/2022,https://github.com/DeFiCh/dfips/issues/107,--,--,Blockchain Improvement,--,--,--,--,--,,,,335,0,10791,22,2,2022-2
106,CFP-2202-03: Liquidity Pool partnership for BSC (20 000 DFI) #106,"Michael (rossi256) for/with ACryptoS Team (BSC Yield Optimiser, Stableswap, Balancerv2 AMM on BSC)",cfp,2202,2022,Approved,20000,2/15/2022,https://github.com/DeFiCh/dfips/issues/106,https://www.reddit.com/r/defiblockchain/comments/se3eiz/cfp_liquidity_pool_partnership_for_bsc_20000_dfi/,Unknown,Tools-Utilities,,Liquidity Pool partnership for BSC,https://app-v2.acryptos.com/#/BSC/vaults/all,--,--,,,,335,20000,10791,22,2,2022-2
105,CFP-2202-02: saiive.live Infrastructure & employee payout (15 000 DFI) #105,Dominik and Patrik,cfp,2202,2022,Declined,15000,2/15/2022,https://github.com/DeFiCh/dfips/issues/105,https://www.reddit.com/r/defiblockchain/comments/sdyn9q/cfp_saiivelive_infrastructure_employee_payout/,Abandoned,Tools-Utilities,--,CFP: saiive.live Infrastructure & employee payout,--,--,--,,,,335,0,10791,22,2,2022-2
104,"CFP-2202-01: saiive.live Loans, Stocks, Composite Swap and Auctions (50 000 DFI) #104",Dominik and Patrik,cfp,2202,2022,Declined,50000,2/15/2022,https://github.com/DeFiCh/dfips/issues/104,https://www.reddit.com/r/defiblockchain/comments/sdympw/cfp_saiivelive_loans_stocks_composite_swap_and/,Abandoned,Tools-Utilities,--,CFP: saiive.live Infrastructure & employee payout,--,--,--,,,,335,0,10791,22,2,2022-2
103,Announcement: February 2022 voting round #103,Uzyn @uzyn,ann,2202,2022,--,0,2/15/2022,https://github.com/DeFiCh/dfips/issues/103,--,--,--,--,--,--,--,--,,,,335,0,10791,22,2,2022-2
102,Announcement: January 2022 special voting round #102,Uzyn @uzyn,ann,2201,2022,--,0,1/12/2022,https://github.com/DeFiCh/dfips/issues/102,--,--,--,--,--,--,--,--,,,,369,0,10705,22,1,2022-1
101,DFIP 2201-A: Solving unbacked dBTC #101,Daniel Zirkel @DanielZirkel,dfip,2201,2022,Approved,0,1/12/2022,https://github.com/DeFiCh/dfips/issues/101,,--,Blockchain Improvement,--,--,--,--,--,,,,369,0,10705,22,1,2022-1
100,Announcement: December 2021 special voting round #100,Uzyn @uzyn,ann,2112,2021,--,0,12/21/2021,https://github.com/DeFiCh/dfips/issues/100,--,--,--,--,--,--,--,--,,,,391,0,10251,21,12,2021-12
99,DFIP 2112-A Bringing DUSD closer to $1 by allowing DFI for loan repayment & collateral #99,Balthasar Becker,dfip,2112,2021,Approved,0,12/21/2021,https://github.com/DeFiCh/dfips/issues/99,,--,Blockchain Improvement,--,--,--,--,--,,,,391,0,10251,21,12,2021-12
98,Update README. #98,Uzyn @uzyn,ann,2111,2021,--,0,1/12/2022,https://github.com/DeFiCh/dfips/pull/98,--,--,--,--,--,--,--,--,,,,369,0,10251,21,11,2021-11
97,Add DeFiChain Nodes to the FLITS Masternode App #97,EasyGoing67,ann,2111,2021,--,0,12/1/2021,https://github.com/DeFiCh/dfips/issues/97,--,--,--,--,--,--,--,--,,,,411,0,10251,21,11,2021-11
96,DFIP 2111-B: Vote of confidence: Ethereum Virtual Machine (EVM) Support #96,Prasannavl,dfip,2111,2021,Approved,0,12/1/2021,https://github.com/DeFiCh/dfips/issues/96,https://jellopaper.org/evm/,--,Blockchain Improvement,--,--,--,--,--,,,,411,0,10251,21,11,2021-11
95,CFP 2111-21: DeFiChain Brave Campaign (13 800 DFI) #95,DeFiChain Accelerator Team,cfp,2111,2021,Approved,13800,12/1/2021,https://github.com/DeFiCh/dfips/issues/95,https://www.reddit.com/r/defiblockchain/comments/qtvato/defichain_brave_campaign/,Concluded,Marketing,,DeFiChain Brave Campaign,,https://twitter.com/defichainac,,,,,411,13800,10251,21,11,2021-11
94,"CFP 2111-20: DeFiChain.Info - News, Social media, Education, Bringing DeFiChain to .NET (20 000 DFI) #94","Noemi, Florian and Michael",cfp,2111,2021,Approved,20000,12/1/2021,https://github.com/DeFiCh/dfips/issues/94,https://www.reddit.com/r/defiblockchain/comments/qqg7yw/cfp_defichaininfo_community_news_social_media/,In progress,Social - Community support,,"DeFiChain.Info - Community News, Social Media, Education, Bringing DeFiChain to .NET",https://linktr.ee/DeFiChain.info,https://twitter.com/DeFiChainInfo,,,,,411,20000,10251,21,11,2021-11
93,CFP 2111-19: #roadto50: LET’S MAKE SOME NOISE (5 000 DFI) #93,Balthasar Becker,cfp,2111,2021,Approved,5000,12/1/2021,https://github.com/DeFiCh/dfips/issues/93,,Unknown,Marketing,,LET’S MAKE SOME NOISE,--,--,--,,,,411,5000,10251,21,11,2021-11
92,CFP 2111-18: IT’S ABOUT MARKETING: making DeFiChain INTERNATIONAL (40 000 DFI) #92,"Balthasar Becker, Peter Dehnert, LukasSchlickenrieder",cfp,2111,2021,Approved,40000,12/1/2021,https://github.com/DeFiCh/dfips/issues/92,https://www.reddit.com/r/defiblockchain/comments/qtqhuz/its_about_marketing_making_defichain_international/,Unknown,Marketing,,IT’S ABOUT MARKETING: making DeFiChain INTERNATIONAL,--,--,--,,,,411,40000,10251,21,11,2021-11
91,CFP 2111-17: DeFiChain Promo — January to June 2022 (10 000 DFI) #91,Jeff Block,cfp,2111,2021,Approved,10000,12/1/2021,https://github.com/DeFiCh/dfips/issues/91,https://www.reddit.com/r/defiblockchain/comments/qtpbj7/defichain_promo_january_to_june_2022/,Active,Marketing,,DeFiChain Promo — January to June 2022,https://www.defichain-promo.com/,https://twitter.com/DeFiChainPromo,,,,,411,10000,10251,21,11,2021-11
90,"CFP 2111-16: Non-custodial, Decentralised Chain-Interoperability and Funds-Transfer Solution Between DeFiChain and the Ethereum Ecosystem (100 000 DFI) #90",Dr. Daniel Cagara (on behalf of MUIR GLACIER PTY LTD),cfp,2111,2021,Approved,100000,12/1/2021,https://github.com/DeFiCh/dfips/issues/90,https://www.reddit.com/r/defiblockchain/comments/qtgyr9/rfc_a_noncustodial_decentralised/,In progress,Tools-Utilities,,"Non-custodial, Decentralised Chain-Interoperability and Funds-Transfer Solution Between DeFiChain and the Ethereum Ecosystem",https://defichain-bridge.com/#/welcome,--,--,,,,411,100000,10251,21,11,2021-11
89,"CFP 2111-15: DefichainGaS"" your Giveawayservice (1 500 DFI) #89",Klaus Mößlberger reddit,cfp,2111,2021,Approved,1500,12/1/2021,https://github.com/DeFiCh/dfips/issues/89,https://www.reddit.com/r/defiblockchain/comments/qlrane/cfp_defichaingas_your_giveawayservice/,Concluded,Marketing,,"""DefichainGaS"" your Giveawayservice",--,https://twitter.com/DefichainGaS,,,,,411,1500,10251,21,11,2021-11
88,CFP 2111-14: DeFined designed - DeFiNode 3D printing service (13 100 DFI) #88,"Gabriel, KunGaPro",cfp,2111,2021,Declined,13100,12/1/2021,https://github.com/DeFiCh/dfips/issues/88,https://www.reddit.com/r/defiblockchain/comments/qt284r/defined_designed_definode_printing_service/?utm_source=share&utm_medium=web2x&context=3,--,Tools-Utilities,--,,--,--,--,,,,411,0,10251,21,11,2021-11
87,CFP 2111-13: Boost the defichain testnet infrastructure for a better testing and improved future product integration testing capabilities (35 000 DFI) #87,"Andreas Lentz, Stonygan and Bernd Mack @bernd-mack with mydefichain",cfp,2111,2021,Approved,35000,12/1/2021,https://github.com/DeFiCh/dfips/issues/87,https://www.reddit.com/r/defiblockchain/comments/qhvkcr/cfp_boost_the_defichain_testnet_infrastructure/,Active,Tools-Utilities,,Boost the defichain testnet infrastructure for a better testing and improved future product integration testing capabilities,https://mydeficha.in/en/,https://twitter.com/mydefichain,https://t.me/mydefichain,,,,411,35000,10251,21,11,2021-11
86,CFP 2111-12: DeFiChain NFTs for the DeFiChain Community (3 000 DFI) #86,Maurice Nowak,cfp,2111,2021,Declined,3000,12/1/2021,https://github.com/DeFiCh/dfips/issues/86,https://www.reddit.com/r/defiblockchain/comments/qqqmgi/cfp_defichain_nfts_for_the_defichain_community/?utm_source=share&utm_medium=ios_app&utm_name=iossmf,--,Marketing,--,DeFiChain NFTs,https://www.defichainnfts.com/,https://twitter.com/DeFiChainNFTs,--,,,,411,0,10251,21,11,2021-11
85,CFP 2111-11: DFX Smartphone App (40 000 DFI) #85,Robin Torque on behalf of the DFX team,cfp,2111,2021,Declined,40000,12/1/2021,https://github.com/DeFiCh/dfips/issues/85,https://www.reddit.com/r/defiblockchain/comments/qq157d/cfp_dfx_smartphone_app_40000_dfi/,--,Financial,--,,--,--,--,,,,411,0,10251,21,11,2021-11
84,CFP 2111-10: DFX Masternode service – Free of charge on- and off-ramp and automatic transaction service for Masternode operators (60 000 DFI) #84,Robin Torque on behalf of the DFX team,cfp,2111,2021,Declined,60000,12/1/2021,https://github.com/DeFiCh/dfips/issues/84,https://www.reddit.com/r/defiblockchain/comments/qq0ilv/cfp_dfx_masternode_service_free_of_charge_on_and/,--,Financial,--,,--,--,--,,,,411,0,10251,21,11,2021-11
83,CFP 2111-09: Expansion of the DeFiChain Community to Spanish-speaking countries (5 000 DFI) #83,LuzAcosta1 ,cfp,2111,2021,Declined,5000,12/1/2021,https://github.com/DeFiCh/dfips/issues/83,https://www.reddit.com/r/defiblockchain/comments/qppdtu/cfp_expansion_of_the_defichain_community_to/,--,Social - Community support,--,,--,--,--,,,,411,0,10251,21,11,2021-11
82,CFP 2111-08: Establish a Platform for virtual Community Meetups to better connect the Community (20 000 DFI) #82,Bernd Mack @bernd-mack and Andreas Lentz @Stonygan with mydefichain,cfp,2111,2021,Declined,20000,12/1/2021,https://github.com/DeFiCh/dfips/issues/82,https://www.reddit.com/r/defiblockchain/comments/qidd5g/cfp_establish_a_platform_for_virtual_community/,--,Social - Community support,--,,--,--,--,,,,411,0,10251,21,11,2021-11
81,CFP 2111-07: saiive.live iOS/Mac Store Release + Apple Watch (10 000 DFI) #81,Dominik and Patrik,cfp,2111,2021,Approved,10000,12/1/2021,https://github.com/DeFiCh/dfips/issues/81,https://www.reddit.com/r/defiblockchain/comments/qp8tz3/cfp_saiivelive_iosmac_store_release_apple_watch/,Abandoned,Tools-Utilities,,saiive.live iOS/Mac Store Release + Apple Watch,https://www.saiive.live/,https://twitter.com/saiivelive,--,,,,411,10000,10251,21,11,2021-11
80,CFP 2111-06: saiive.live - New Features (5 000 DFI) #80,Dominik and Patrik,cfp,2111,2021,Approved,5000,12/1/2021,https://github.com/DeFiCh/dfips/issues/80,https://www.reddit.com/r/defiblockchain/comments/qp8thu/cfp_saiivelive_new_features/,Abandoned,Tools-Utilities,,saiive.live - New Features,https://www.saiive.live//,https://twitter.com/saiivelive,--,,,,411,5000,10251,21,11,2021-11
79,DFIP 2111-A: Adding liquidity pool Luna/Dfi #79,Angelo Castiglione @castiglioneangelo,dfip,2111,2021,Declined,0,12/1/2021,https://github.com/DeFiCh/dfips/issues/79,https://www.reddit.com/r/defiblockchain/comments/qownii/dfip_proposal_for_adding_liquidity_pool_lunadfi/,--,Blockchain Improvement,--,--,--,--,--,,,,411,0,10251,21,11,2021-11
78,CFP 2111-05: DFI.TAX (24 000 DFI) #78,Martin Schmeisser (on behalf of cropt GmbH),cfp,2111,2021,Approved,24000,12/1/2021,https://github.com/DeFiCh/dfips/issues/78,https://www.reddit.com/r/defiblockchain/comments/qow9ca/dfitax_cfp_30000_dfi/,Active,Tools-Utilities,,DFI.TAX - CFP 30.000,https://dfi.tax/,--,--,,,,411,24000,10251,21,11,2021-11
77,"CFP 2111-04: Spanish and French translation for Desktop, Mobile APP and Website during 1 year (5 000 DFI) #77",Josef K. @spacie2136,cfp,2111,2021,Declined,5000,12/1/2021,https://github.com/DeFiCh/dfips/issues/77,https://www.reddit.com/r/defiblockchain/comments/qo456o/spanish_translation_for_desktop_and_mobile_app/,--,Educational,--,,--,--,--,,,,411,0,10251,21,11,2021-11
76,CFP 2111-03: DeFiChain Society Foundation (20 000 DFI) #76,Ferdinand Miksch,cfp,2111,2021,Declined,20000,12/1/2021,https://github.com/DeFiCh/dfips/issues/76,https://www.reddit.com/r/defiblockchain/comments/qev5yi/defi_chain_society_foundation/,--,Social - Community support,--,,--,--,--,,,,411,0,10251,21,11,2021-11
75,CFP 2111-02: Vault and loan monitor with enhanced notifications (45 000 DFI) #75,"Michael (@BuzzJoe), Adrian (@adrian-schnell), Christian (@sandrich)",cfp,2111,2021,Approved,45000,12/1/2021,https://github.com/DeFiCh/dfips/issues/75,https://www.reddit.com/r/defiblockchain/comments/qiz6qj/dobby_collateral_ratio_tracker/,Active,Tools-Utilities,,DOBBY - collateral ratio tracker,https://defichain-dobby.com/#/setup,--,--,,,,411,45000,10251,21,11,2021-11
74,CFP 2111-01: defichain-history - Visualize Pool Data (25 000 DFI) #74,Igor Shelkovenkov (defichain-income Team),cfp,2111,2021,Declined,25000,12/1/2021,https://github.com/DeFiCh/dfips/issues/74,https://www.reddit.com/r/defiblockchain/comments/qjb7ue/defichainhistory_visualize_pool_data/,--,Tools-Utilities,--,,--,--,--,,,,411,0,10251,21,11,2021-11
73,Announcement: November 2021 voting round #73,--,ann,2111,2021,--,0,12/1/2021,https://github.com/DeFiCh/dfips/issues/73,--,--,--,--,--,--,--,--,,,,411,0,10251,21,11,2021-11
72,CFP 2109-18: DeFiChain Networkmap (1 893 DFI) #72,Bernd Mack @bernd-mack and Andreas Lentz @Stonygan with mydefichain,cfp,2109,2021,Approved,1893,9/28/2021,https://github.com/DeFiCh/dfips/issues/72,https://www.reddit.com/r/defiblockchain/comments/pnmp6r/cfp_defichain_networkmap_1893_dfi/,Concluded,Tools-Utilities,,DeFiChain Networkmap,https://livemap.mydefichain.com/,--,--,,,,475,1893,8871,21,9,2021-9
71,CFP 2109-17: DeFiChain Accelerator (50 000 DFI) #71,SantiagoDeFi,cfp,2109,2021,Approved,50000,9/28/2021,https://github.com/DeFiCh/dfips/issues/71,,In progress,Marketing,,DeFiChain Accelerator,--,--,--,,,,475,50000,8871,21,9,2021-9
70,CFP 2109-16: DFX - Decentralized Finance Exchange (135 000 DFI) #70,Robin Torque on behalf of the DFX team,cfp,2109,2021,Approved,135000,9/28/2021,https://github.com/DeFiCh/dfips/issues/70,https://www.reddit.com/r/defiblockchain/comments/pnnf1p/cfp_dfx_decentralized_finance_exchange_135000_dfi/,Active,Financial,,DFX - Decentralized Finance Exchange,https://dfx.swiss/,https://twitter.com/DFX_Swiss,,,,,475,135000,8871,21,9,2021-9
69,CFP 2109-15: saiive.live - Jellyfish Compatibility (5 000 DFI) #69,Dominik and Patrik,cfp,2109,2021,Declined,5000,9/28/2021,https://github.com/DeFiCh/dfips/issues/69,https://www.reddit.com/r/defiblockchain/comments/pndifz/cfp_saiivelive_jellyfish_compatibility_5000_dfi/,--,Tools-Utilities,--,,--,--,--,,,,475,0,8871,21,9,2021-9
68,CFP 2109-14: DeFiChain Master Noder Signer (6 000 DFI) #68,Dominik und Patrik Pfaffenbauer,cfp,2109,2021,Declined,6000,9/28/2021,https://github.com/DeFiCh/dfips/issues/68,https://www.reddit.com/r/defiblockchain/comments/pncp8f/cfp_defichain_master_noder_signer_6000_dfi/,--,Tools-Utilities,--,,--,--,--,,,,475,0,8871,21,9,2021-9
67,CFP: < Online marketplace for DeFiChain ecosystem for physical products and services> (<50.000> DFI) #67,"Alexander Weirich, Mario Schaarschmidt, Maxim Wald",cfp,2109,2021,Withdrawn,0,9/28/2021,https://github.com/DeFiCh/dfips/issues/67,https://www.reddit.com/r/defiblockchain/comments/pn15px/cfp_online_marketplace_for_defichain_ecosystem/,--,--,,,,,,,,,475,0,8871,21,9,2021-9
66,CFP 2109-13: DFX Smartphone App (26 000 DFI) #66,Robin Torque on behalf of the DFX team,cfp,2109,2021,Declined,26000,9/28/2021,https://github.com/DeFiCh/dfips/issues/66,,--,Financial,--,,--,--,--,,,,475,0,8871,21,9,2021-9
65,"CFP 2109-12: DeFiChain Value - Be ahead, follow the strategies (16 000 DFI) #65","Dominik, David and Lennart",cfp,2109,2021,Approved,16000,9/28/2021,https://github.com/DeFiCh/dfips/issues/65,https://www.reddit.com/r/defiblockchain/comments/pfvk5u/community_project_defichain_value/,Active,Tools-Utilities,,Community Project: DeFiChain Value,https://www.defichain-value.com/,--,--,,,,475,16000,8871,21,9,2021-9
64,"CFP: DeFiChain AVTRZR generate and customize a unique DeFiChain-branded personal avatar (27,040 DFI) #64",Aen Tan @aentan,cfp,2109,2021,Withdrawn,0,9/28/2021,https://github.com/DeFiCh/dfips/issues/64,https://www.reddit.com/r/defiblockchain/comments/pm1uln/cfp_defichain_avtrzr_generate_and_customize_a/,--,--,,,,,,,,,475,0,8871,21,9,2021-9
63,CFP 2109-11: Defichain helps decarbonizing Defichain (20 000 DFI) ￼ #63,Balthasar Becker and Maximilian Faust,cfp,2109,2021,Approved,20000,9/28/2021,https://github.com/DeFiCh/dfips/issues/63,https://www.reddit.com/r/defiblockchain/comments/plnr9u/deleted_by_user/?utm_source=share&utm_medium=web2x&context=3,Unknown,Social - Community support,,Defichain helps decarbonizing Defichain,https://defichainhelps.com/,--,--,,,,#REF!,20000,8871,21,9,2021-9
62,CFP 2109-10: DefiChain YouTube formats (DeFiChain News Team) (20 000 DFI) #62,Lord Mark & Daniel Zirkel @DanielZirkel,cfp,2109,2021,Approved,20000,9/28/2021,https://github.com/DeFiCh/dfips/issues/62,https://www.reddit.com/r/defiblockchain/comments/pjjb0b/community_fund_proposal_defichain_youtube_formats/,Active,Social - Community support,,Community Fund Proposal: DefiChain YouTube formats,--,--,--,,,,475,20000,8871,21,9,2021-9
61,CFP 2109-09: DeFiChain WebWallet (65 772 DFI) #61,Santiago Sabater @SantiagoDeFi,cfp,2109,2021,Approved,65772,9/28/2021,https://github.com/DeFiCh/dfips/issues/61,https://www.reddit.com/r/defiblockchain/comments/pkyssj/cfp_defichain_web_wallet/,Active,Tools-Utilities,,DeFiChain Web Wallet,https://jellywallet.io/,--,--,,,,475,65772,8871,21,9,2021-9
60,CFP 2109-08: Masternode Health (5 000 DFI) #60,"Michael Fuchs (@DerFuchs), Chris Sandrini (@sandrich), Adrian Schnell (@adrian-schnell)",cfp,2109,2021,Approved,5000,9/28/2021,https://github.com/DeFiCh/dfips/issues/60,https://www.reddit.com/r/defiblockchain/comments/pk98tu/community_fund_proposal_defichain_masternode/,Concluded,Tools-Utilities,,Community Fund Proposal: DeFiChain Masternode Health,https://docs.defichain-masternode-health.com/,--,--,,,,475,5000,8871,21,9,2021-9
59,CFP 2109-07: Defilinks.io - the Gateway into the DeFiChain Universe (20 000 DFI) #59,"Lord Mark, Andy & Yote",cfp,2109,2021,Approved,20000,9/28/2021,https://github.com/DeFiCh/dfips/issues/59,https://www.reddit.com/r/defiblockchain/comments/pbga2j/cfp_defilinksio_the_gateway_into_the_defichain/,Active,Social - Community support,,Defilinks.io - the Gateway into the DeFiChain Universe - English version,https://defilinks.io/,--,--,,,,475,20000,8871,21,9,2021-9
58,CFP 2109-06: „Promotion tools“ (1 500 DFi) #58,Klaus Mößlberger (KlausLberger),cfp,2109,2021,Declined,1500,9/28/2021,https://github.com/DeFiCh/dfips/issues/58,https://www.reddit.com/r/defiblockchain/comments/pd75a3/community_fund_proposal_defichain_promotion_tools/,--,Marketing,--,,--,--,--,,,,475,0,8871,21,9,2021-9
57,CFP 2109-05: Telegram Moderators (5 500 DFI) #57,Michael Schredl @karazman,cfp,2109,2021,Approved,5500,9/28/2021,https://github.com/DeFiCh/dfips/issues/57,https://www.reddit.com/r/defiblockchain/comments/pglxhh/cfp_moderators_would_like_to_know_your_opinion/,Concluded,Social - Community support,,Moderators would like to know your opinion for the upcoming voting round!,--,--,--,,,,475,5500,8871,21,9,2021-9
56,CFP 2109-04: The DefiMate (39 200 DFI) #56,Wuuzzaa2000 / u/Wuuzzaa,cfp,2109,2021,Approved,39200,9/28/2021,https://github.com/DeFiCh/dfips/issues/56,https://www.reddit.com/r/defiblockchain/comments/pck4pa/community_funding_proposal_cfp_the_defimate/,Unknown,Tools-Utilities,,The DefiMate,--,--,--,,,,475,39200,8871,21,9,2021-9
55,CFP: DefiChain Tax Report (20'000 DFI) #55,Christian Sandrini @sandrich,cfp,2109,2021,Withdrawn,0,9/28/2021,https://github.com/DeFiCh/dfips/issues/55,https://www.reddit.com/r/defiblockchain/comments/pgota7/cfp_defichain_tax_report_20000_dfi/,--,--,,,,,,,,,475,0,8871,21,9,2021-9
54,CFP 2109-03: DeFined designed - DeFiNode 3D printing service (20 000 DFI) #54,Gabriel / @KunGaPro and Michael @Michael_Schredl,cfp,2109,2021,Declined,20000,9/28/2021,https://github.com/DeFiCh/dfips/issues/54,https://www.reddit.com/r/defiblockchain/comments/p3iwt8/defined_designed_definode_printing_service/,--,Tools-Utilities,--,,--,--,--,,,,475,0,8871,21,9,2021-9
53,Announcement: September 2021 voting round #53,--,ann,2109,2021,--,0,9/28/2021,https://github.com/DeFiCh/dfips/issues/53,--,--,--,--,--,--,--,--,,,,475,0,8871,21,9,2021-9
52,CFP 2109-02: for moderation and technical improvement concerning the Telegram group: Crypto Steuern DE (585 DFI),Johann Schlegel (Telegram @JohannSchlegel) Mark A. (@MarkA91) und Karsten Salomon (@K_Salomon),cfp,2109,2021,Approved,585,9/28/2021,https://github.com/DeFiCh/dfips/issues/52,https://www.reddit.com/r/defiblockchain/comments/peocfz/for_moderation_and_technical_improvement/,Unknown,Social - Community support,,For moderation and technical improvement concerning the Telegram group: Crypto Steuern DE,--,--,--,,,,475,585,8871,21,9,2021-9
51,CFP 2109-01: Defichain Chrome Extension (13 500 DFI) #51,Tomas Mikula @sharky1231,cfp,2109,2021,Approved,13500,9/28/2021,https://github.com/DeFiCh/dfips/issues/51,https://www.reddit.com/r/defiblockchain/comments/pc35ls/chrome_extension_live/,Active,Tools-Utilities,,Chrome Extension - Live!,--,--,--,,,,475,13500,8871,21,9,2021-9
50,DFIP 2107-B: Reallocation of block reward for decentralized tokenization incentives #50,Uzyn @uzyn for DeFiChain,dfip,2107,2021,Approved,0,7/27/2021,https://github.com/DeFiCh/dfips/issues/50,https://www.reddit.com/r/defiblockchain/comments/ok51lq/dfip_reallocation_of_block_reward_for/,--,Blockchain Improvement,--,--,--,--,--,,,,538,0,8304,21,7,2021-7
49,DFIP 2107-A: Introduction of USDC-DFI DEX and reallocation of liquidity mining reward from USDT-DFI #49,Uzyn @uzyn for DeFiChain,dfip,2107,2021,Approved,0,7/27/2021,https://github.com/DeFiCh/dfips/issues/49,https://www.reddit.com/r/defiblockchain/comments/oc9593/draft_dfip_introduction_of_usdc_dex_and_liquidity/,--,Blockchain Improvement,--,--,--,--,--,,,,538,0,8304,21,7,2021-7
48,CFP 2107-06: Appreciation for CryptoID Chainz DeFiChain blockchain explorer (15 000 DFI) #48,Uzyn @uzyn on behalf of DeFiChain community for CryptoID team,cfp,2107,2021,Approved,15000,7/27/2021,https://github.com/DeFiCh/dfips/issues/48,https://www.reddit.com/r/defiblockchain/comments/ok50p3/cfp_appreciation_for_cryptoid_chainz_defichain/,Active,Tools-Utilities,,Appreciation for CryptoID Chainz DeFiChain blockchain explorer,https://chainz.cryptoid.info/dfi/,--,--,,,,538,15000,8304,21,7,2021-7
47,CFP 2107-05: DeFiChain bug bounty fund pre-allocation (20 000 DFI) #47,Uzyn @uzyn on behalf of DeFiChain,cfp,2107,2021,Approved,20000,7/27/2021,https://github.com/DeFiCh/dfips/issues/47,https://www.reddit.com/r/defiblockchain/comments/ok4zrq/cfp_defichain_bug_bounty_fund_preallocation_20/,Active,Blockchain Improvement,,DeFiChain bug bounty fund pre-allocation,https://defichain.com/bug-bounty/,--,--,,,,538,20000,8304,21,7,2021-7
46,CFP 2107-04: defichain-income CFP#2 Long term (20 000 DFI) #46,Igor Shelkovenkov,cfp,2107,2021,Approved,20000,7/27/2021,https://github.com/DeFiCh/dfips/issues/46,https://www.reddit.com/r/defiblockchain/comments/ojdhrt/cfp_defichainincome_cfp2_long_term_20_000_dfi/,Active,Tools-Utilities,,defichain-income CFP#2 Long term,--,--,--,,,,538,20000,8304,21,7,2021-7
45,CFP 2107-03: DFI Signal (10 000 DFI) #45,Adrian Schnell @adrianschnell,cfp,2107,2021,Approved,10000,7/27/2021,https://github.com/DeFiCh/dfips/issues/45,https://www.reddit.com/r/defiblockchain/comments/ojawrf/dfi_signal/,Active,Tools-Utilities,,DFI Signal,https://dfi-signal.com/,--,--,,,,538,10000,8304,21,7,2021-7
44,CFP 2107-02: Payment New DefiChain Foundation (21 000 DFI) #44,Daniel Zirkel on behalf of new Foundation @DanielZirkel,cfp,2107,2021,Approved,21000,7/27/2021,https://github.com/DeFiCh/dfips/issues/44,https://www.reddit.com/r/defiblockchain/comments/oissqp/new_defichain_foundation/,Concluded,Social - Community support,,New DefiChain Foundation,--,--,--,,,,538,21000,8304,21,7,2021-7
43,CFP 2107-01: saiive.live - DeFi Wallet - Light Wallet (40 000 DFI) #43,Dominik and Patrik,cfp,2107,2021,Approved,40000,7/27/2021,https://github.com/DeFiCh/dfips/issues/43,https://www.reddit.com/r/defiblockchain/comments/og39qh/saiivelive_defi_wallet_light_wallet_cfp_2/,Abandoned,Tools-Utilities,,saiive.live - DeFi Wallet - Light Wallet - CFP #2,https://saiive.live/,https://twitter.com/saiivelive,--,,,,538,40000,8304,21,7,2021-7
42,Announcement: July 2021 voting round #42,--,ann,2107,2021,--,0,7/27/2021,https://github.com/DeFiCh/dfips/issues/42,--,--,--,--,--,--,--,--,,,,538,0,8304,21,7,2021-7
41,DFIP 2106-02: Interim ticker council establishment for asset tokenization #41,U-Zyn Chua & Dr. Julian Hosp,dfip,2106,2021,Approved,0,6/16/2021,https://github.com/DeFiCh/dfips/issues/41,https://www.reddit.com/r/defiblockchain/comments/nppvwc/dfip_ticker_council_establishment_for_asset/,--,Blockchain Improvement,--,--,--,--,--,,,,579,0,8042,21,6,2021-6
40,CFP 2106-10: DeFiChain Fiat Exchange (15'000 DFI) #40,Robin Torque,cfp,2106,2021,Approved,15000,6/16/2021,https://github.com/DeFiCh/dfips/issues/40,https://www.reddit.com/r/defiblockchain/comments/np6pik/cfp_defichain_fiat_exchange_150000_dfi/,Active,Financial,,DeFiChain Fiat Exchange,https://dfx.swiss/,--,--,,,,579,15000,8042,21,6,2021-6
39,DFIP 2106-01: Long-term (5y & 10y) lock-in of staking DFI in exchange for higher staking returns #39,Uzyn @uzyn,dfip,2106,2021,Approved,0,6/16/2021,https://github.com/DeFiCh/dfips/issues/39,https://www.reddit.com/r/defiblockchain/comments/np4q7y/dfip_longterm_5y_10y_lockin_of_staking_dfi_in/,--,Blockchain Improvement,--,--,--,--,--,,,,579,0,8042,21,6,2021-6
38,CFP 2106-09: Liquidity Mining Calculator (987 DFI) #38,John @John-Gee,cfp,2106,2021,Approved,987,6/16/2021,https://github.com/DeFiCh/dfips/issues/38,https://www.reddit.com/r/defiblockchain/comments/nknkon/community_funding_proposal_cfp_liquidity_mining/,Active,Tools-Utilities,,Liquidity Mining Impermanent Loss Calculator,https://john-gee.github.io/DFC_LM/,--,--,,,,579,987,8042,21,6,2021-6
37,"CFP 2106-08: The ""DefiNode"" for more decentralization (8,800 DFI) #37",Wuuzzaa / Wuza,cfp,2106,2021,Approved,8800,6/16/2021,https://github.com/DeFiCh/dfips/issues/37,https://www.reddit.com/r/defiblockchain/comments/nhprbi/community_funding_proposal_cfp_the_definode_for/,Concluded,Tools-Utilities,,DefiNode,https://github.com/DefiNode/DeFiNode,https://twitter.com/DeFi_Node,--,,,,579,8800,8042,21,6,2021-6
36,"CFP 2106-07: mydefichain Masternode Service (50,000 DFI) #36",Bernd Mack @bernd-mack and Andreas Lentz @Stonygan with mydefichain,cfp,2106,2021,Approved,50000,6/16/2021,https://github.com/DeFiCh/dfips/issues/36,https://www.reddit.com/r/defiblockchain/comments/nk7kiz/community_funding_proposal_cfp_mydefichain/,Active,Tools-Utilities,Masternode,Community Funding Proposal (CFP): mydefichain Masternode Service,https://mydeficha.in/en/,--,--,,,,579,50000,8042,21,6,2021-6
35,"CFP 2106-06: DeFiChain News Team (12,000 DFI) #35",Lord Mark & Daniel Zirkel @DanielZirkel,cfp,2106,2021,Approved,12000,6/16/2021,https://github.com/DeFiCh/dfips/issues/35,https://www.reddit.com/r/defiblockchain/comments/nm3a35/community_fund_proposal_defichain_news_team/,Active,Social - Community support,Educational,News Team,--,--,--,,,,579,12000,8042,21,6,2021-6
34,"CFP 2106-05: DeFiChain Masternode Monitor (7,500 DFI) #34",Michael Fuchs @DerFuchs,cfp,2106,2021,Approved,7500,6/16/2021,https://github.com/DeFiCh/dfips/issues/34,https://www.reddit.com/r/defiblockchain/comments/nm5lxg/cfp_defichain_masternode_monitor/,Active,Tools-Utilities,Masternode,Masternode Monitor,https://www.defichain-masternode-monitor.com/#/,--,--,,,,579,7500,8042,21,6,2021-6
33,"CFP 2106-04: DeFiChain Rewardhelper (4,000 DFI) #33",Marcus Redeker @MaReCoding,cfp,2106,2021,Approved,4000,6/16/2021,https://github.com/DeFiCh/dfips/issues/33,https://www.reddit.com/r/defiblockchain/comments/nilbf4/community_funding_proposal_cfp_further/,Concluded,Tools-Utilities,,REWARDHELPER,https://defichain-rewardhelper.com/,--,--,,,,579,4000,8042,21,6,2021-6
32,"CFP 2106-03: DeFiChain Notification Service (5,000 DFI) #32","Patrik Pfaffenbauer, @p3root",cfp,2106,2021,Declined,5000,6/16/2021,https://github.com/DeFiCh/dfips/issues/32,https://www.reddit.com/r/defiblockchain/comments/ngb3gv/defichain_notification_service/,--,Tech Tools,--,,--,--,--,,,,579,0,8042,21,6,2021-6
31,Announcement: June Voting round #31,Uzyn @uzyn,ann,2106,2021,--,0,6/16/2021,https://github.com/DeFiCh/dfips/issues/31,--,--,--,--,--,--,--,--,,,,579,0,8042,21,6,2021-6
30,"CFP 2106-02: DeFiChain bug bounty fund pre-allocation (10,000 DFI) #30",U-Zyn Chua @Uzyn @uzyn for DeFiChain,cfp,2106,2021,Approved,10000,6/16/2021,https://github.com/DeFiCh/dfips/issues/30,https://www.reddit.com/r/defiblockchain/comments/nkgbsh/cfp_defichain_bug_bounty_program_fund_allocation/,Active,Blockchain Improvement,,,https://defichain.com/bug-bounty/,--,--,,,,579,10000,8042,21,6,2021-6
28,"CFP 2106-01: DeFiChain Promo (21,000 DFI) #28",Jeff Block & Christian Bieri,cfp,2106,2021,Approved,21000,6/16/2021,https://github.com/DeFiCh/dfips/issues/28,https://www.reddit.com/r/defiblockchain/comments/njgd53/community_fund_proposal_for_defichain_promo/,Active,Marketing,,Community fund proposal for DeFiChain Promo,https://www.defichain-promo.com/,--,--,,,,579,21000,8042,21,6,2021-6
27,Community fund proposal for DeFiChain Promo #27,ChristianBieri ,cfp,2104,2021,Withdrawn,0,12/4/2021,https://github.com/DeFiCh/dfips/issues/27,,--,--,,,,,,,,,408,0,8042,21,4,2021-4
26,DFIP: Flexible Reward based on amount of frozen coins in masternodes #26,ThanatosOsomiak,dfip,2104,2021,Withdrawn,0,12/4/2021,https://github.com/DeFiCh/dfips/issues/26,--,--,--,,--,,,,,,,408,0,8042,21,4,2021-4
25,DFIP: Collective Staking #25,ThanatosOsomiak,dfip,2104,2021,Withdrawn,0,12/4/2021,https://github.com/DeFiCh/dfips/issues/25,--,--,--,,--,,,,,,,408,0,8042,21,4,2021-4
24,Voting for dfip-09 #24,Tempofranz,ann,2104,2021,--,0,12/4/2021,https://github.com/DeFiCh/dfips/issues/24,--,--,--,--,--,--,--,--,,,,408,0,8042,21,4,2021-4
23,Voting for dfip-10 #23,Tempofranz,ann,2104,2021,--,0,12/4/2021,https://github.com/DeFiCh/dfips/issues/23,--,--,--,--,--,--,--,--,,,,408,0,8042,21,4,2021-4
22,DEX Kommission für kleine Fische #22,Darkchicken1991,ann,2104,2021,--,0,12/4/2021,https://github.com/DeFiCh/dfips/issues/22,--,--,--,--,--,--,--,--,,,,408,0,8042,21,4,2021-4
21,"Community Funding Proposal (CFP) [Draft]: Contribution to DeFi Wallet [2,000 DFI] #21",Sergejmueller,cfp,2104,2021,Withdrawn,0,12/4/2021,https://github.com/DeFiCh/dfips/issues/21,,--,--,,,,,,,,,408,0,8042,21,4,2021-4
20,DFIP #10: Vote of confidence: Non-fungible token (NFT) support #20,Uzyn @uzyn,dfip,2104,2021,Approved,0,12/4/2021,https://github.com/DeFiCh/dfips/issues/20,,--,Blockchain Improvement,--,--,--,--,--,,,,408,0,8042,21,4,2021-4
19,DFIP #9: Management of community development via on-chain governance #19,Uzyn @uzyn,dfip,2104,2021,Approved,0,2/7/2021,https://github.com/DeFiCh/dfips/issues/19,,--,Blockchain Improvement,--,--,--,--,--,,,,708,0,8042,21,4,2021-4
18,DFIP #8: DFI emission rate beyond the first year #18,Uzyn @uzyn,dfip,2104,2021,Approved,0,6/30/2021,https://github.com/DeFiCh/dfips/issues/18,,--,Blockchain Improvement,--,--,--,--,--,,,,565,0,8042,21,4,2021-4
17,DFIP #7: Destruction of all of DeFiChain Foundation-owned DFI #17,Uzyn @uzyn,dfip,2104,2021,Approved,0,5/19/2021,https://github.com/DeFiCh/dfips/issues/17,,--,Blockchain Improvement,--,--,--,--,--,,,,607,0,8042,21,4,2021-4
16,"Community Funding Proposal (CFP) #7: Moderators [1,600 DFI] #16",SantiagoDeFi,cfp,2104,2021,Approved,1600,5/19/2021,https://github.com/DeFiCh/dfips/issues/16,,Concluded,Social - Community support,,Moderators,--,--,--,,,,607,1600,8042,21,4,2021-4
15,"Community Funding Proposal (CFP) #6: Development of defichain-wiki.com [6,500 DFI] #15",Robin Torque + authors of the Wiki,cfp,2104,2021,Approved,6500,5/19/2021,https://github.com/DeFiCh/dfips/issues/15,,Active,Social - Community support,Educational,Development of defichain-wiki.com,https://defichain-wiki.com/wiki/Main_Page,--,--,,,,607,6500,8042,21,4,2021-4
14,"Community Funding Proposal (CFP) #5: Development of defichain-income.com [5,000 DFI] #14",Igor Shelkovenkov,cfp,2104,2021,Approved,5000,5/19/2021,https://github.com/DeFiCh/dfips/issues/14,https://www.reddit.com/r/defiblockchain/comments/lm3sgn/request_community_funding_proposal_for/,Active,Tools-Utilities,,DeFiChain Income,https://www.defichain-income.com/,--,--,,,,607,5000,8042,21,4,2021-4
13,"Community Funding Proposal (CFP) #4: Smart DeFi Wallet (non-custodial light wallet) [50,000 DFI] #13",Dominik and Patrik Pfaffenbauer,cfp,2104,2021,Approved,50000,5/19/2021,https://github.com/DeFiCh/dfips/issues/13,,Abandoned,Tools-Utilities,,"Non custodial Wallet for iOS, Android, Mac, Windows and Linux",https://saiive.live/,--,--,,,,607,50000,8042,21,4,2021-4
12,"Community Funding Proposal (CFP) #3: Further development of community-developed DeFi Portfolio [8,000 DFI] #12",Daniel Klaiber and Arthur Eisener,cfp,2104,2021,Approved,8000,5/19/2021,https://github.com/DeFiCh/dfips/issues/12,,Concluded,Tools-Utilities,,Further development of community-developed DeFi Portfolio,https://defichain-wiki.com/wiki/DeFiChain-Portfolio,--,--,,,,607,8000,8042,21,4,2021-4
11,"Community Funding Proposal (CFP) #2: Further development of community-developed DeFiChain Explained [10,000 DFI] #11",Jonathan Sabater & Santiago Sabater,cfp,2104,2021,Approved,10000,5/19/2021,https://github.com/DeFiCh/dfips/issues/11,,Concluded,Social - Community support,,Further development of community-developed DeFiChain Explained,https://defichain-explained.com/,--,,,,,607,10000,8042,21,4,2021-4
10,RFC #10,ipungcaem,ann,2101,2021,--,0,3/15/2021,https://github.com/DeFiCh/dfips/issues/10,--,--,--,--,--,--,--,--,,,,672,0,15,21,1,2021-1
9,Community Funding Proposal (CFP) #1: Further development of community-developed DeFiChain Dashboard #9,Daniel Zirkel (@DanielZirkel),cfp,2101,2021,Approved,10000,3/15/2021,https://github.com/DeFiCh/dfips/issues/9,,Concluded,Tools-Utilities,,Further development of community-developed DeFiChain Dashboard,https://www.cakedefi-review.com/DefiChain?tab=,,,,,,672,10000,15,21,1,2021-1
8,DFIP #6: Introduction & Funding of Bitcoin Cash BCH-DFI Liquidity Pool #8,Uzyn @uzyn,dfip,2101,2021,Approved,0,3/15/2021,https://github.com/DeFiCh/dfips/issues/8,,--,Blockchain Improvement,--,--,--,--,--,,,,672,0,15,21,1,2021-1
7,DFIP #5: Introduction & Funding of Litecoin LTC-DFI Liquidity Pool #7,Uzyn @uzyn,dfip,2101,2021,Approved,0,3/15/2021,https://github.com/DeFiCh/dfips/issues/7,,--,Blockchain Improvement,--,--,--,--,--,,,,672,0,15,21,1,2021-1
6,"DFIP #4: Reduction of masternode collateral to 20,000 DFI #6",Uzyn @uzyn,dfip,2101,2021,Approved,0,3/15/2021,https://github.com/DeFiCh/dfips/issues/6,,--,Blockchain Improvement,--,--,--,--,--,,,,672,0,15,21,1,2021-1
5,DFIP #3: Maintain liquidity mining rewards at 100 DFI per block with airdrop fund and rewards ratio adjustments. #5,Uzyn @uzyn,dfip,2101,2020,Approved,0,2/2/2021,https://github.com/DeFiCh/dfips/issues/5,,--,Blockchain Improvement,--,--,--,--,--,,,,713,0,15,21,1,2020-1
4,DFIP to the moon #4,Nizarrich94,ann,2009,2020,--,0,9/21/2020,https://github.com/DeFiCh/dfips/issues/4,--,--,--,--,--,--,--,--,,,,847,0,21,20,9,2020-9
3,Good project GoGoGo to the moon defi #3,Nizarrich94,ann,2009,2020,--,0,9/21/2020,https://github.com/DeFiCh/dfips/issues/3,--,--,--,--,--,--,--,--,,,,847,0,21,20,9,2020-9
2,DFIP #2: DeFi incentive funding #2,Uzyn @uzyn,dfip,2009,2020,Approved,0,9/21/2020,https://github.com/DeFiCh/dfips/issues/2,,--,Blockchain Improvement,--,--,--,--,--,,,,847,0,21,20,9,2020-9
1,DFIP #1: Bitcoin anchor reward source and mechanics adjustments #1,Uzyn @uzyn,dfip,2009,2020,Approved,0,9/21/2020,https://github.com/DeFiCh/dfips/issues/1,,--,Blockchain Improvement,--,--,--,--,--,,,,847,0,21,20,9,2020-9
